Scenario,Category,Family,Window,Ranks,Board entries,T1,T2,T3,T4
VT ww5t Novice S5,Clicking,Wide Wall,Novice,1-4,102106,"=LET(p,Tuning!$C$2,f,Distributions!$B$1:$Q$1,s,INDEX(Distributions!$B$2:$Q$89,MATCH($A2,Distributions!$A$2:$A$89,0),0),IF(p<=INDEX(f,1,1),INDEX(s,1,1),IF(p>=INDEX(f,1,16),INDEX(s,1,16),LET(i,MATCH(p,f,1),a,INDEX(f,1,i),b,INDEX(f,1,i+1),c,INDEX(s,1,i),d,INDEX(s,1,i+1),ROUND(c+(p-a)/(b-a)*(d-c))))))","=MAX(LET(p,Tuning!$C$3,f,Distributions!$B$1:$Q$1,s,INDEX(Distributions!$B$2:$Q$89,MATCH($A2,Distributions!$A$2:$A$89,0),0),IF(p<=INDEX(f,1,1),INDEX(s,1,1),IF(p>=INDEX(f,1,16),INDEX(s,1,16),LET(i,MATCH(p,f,1),a,INDEX(f,1,i),b,INDEX(f,1,i+1),c,INDEX(s,1,i),d,INDEX(s,1,i+1),ROUND(c+(p-a)/(b-a)*(d-c)))))),$G2+1)","=MAX(LET(p,Tuning!$C$4,f,Distributions!$B$1:$Q$1,s,INDEX(Distributions!$B$2:$Q$89,MATCH($A2,Distributions!$A$2:$A$89,0),0),IF(p<=INDEX(f,1,1),INDEX(s,1,1),IF(p>=INDEX(f,1,16),INDEX(s,1,16),LET(i,MATCH(p,f,1),a,INDEX(f,1,i),b,INDEX(f,1,i+1),c,INDEX(s,1,i),d,INDEX(s,1,i+1),ROUND(c+(p-a)/(b-a)*(d-c)))))),$H2+1)","=MAX(LET(p,Tuning!$C$5,f,Distributions!$B$1:$Q$1,s,INDEX(Distributions!$B$2:$Q$89,MATCH($A2,Distributions!$A$2:$A$89,0),0),IF(p<=INDEX(f,1,1),INDEX(s,1,1),IF(p>=INDEX(f,1,16),INDEX(s,1,16),LET(i,MATCH(p,f,1),a,INDEX(f,1,i),b,INDEX(f,1,i+1),c,INDEX(s,1,i),d,INDEX(s,1,i+1),ROUND(c+(p-a)/(b-a)*(d-c)))))),$I2+1)"
Wide Wall 3 Targets TE,Clicking,Wide Wall,Intermediate,5-8,199115,"=LET(p,Tuning!$C$6,f,Distributions!$B$1:$Q$1,s,INDEX(Distributions!$B$2:$Q$89,MATCH($A3,Distributions!$A$2:$A$89,0),0),IF(p<=INDEX(f,1,1),INDEX(s,1,1),IF(p>=INDEX(f,1,16),INDEX(s,1,16),LET(i,MATCH(p,f,1),a,INDEX(f,1,i),b,INDEX(f,1,i+1),c,INDEX(s,1,i),d,INDEX(s,1,i+1),ROUND(c+(p-a)/(b-a)*(d-c))))))","=MAX(LET(p,Tuning!$C$7,f,Distributions!$B$1:$Q$1,s,INDEX(Distributions!$B$2:$Q$89,MATCH($A3,Distributions!$A$2:$A$89,0),0),IF(p<=INDEX(f,1,1),INDEX(s,1,1),IF(p>=INDEX(f,1,16),INDEX(s,1,16),LET(i,MATCH(p,f,1),a,INDEX(f,1,i),b,INDEX(f,1,i+1),c,INDEX(s,1,i),d,INDEX(s,1,i+1),ROUND(c+(p-a)/(b-a)*(d-c)))))),$G3+1)","=MAX(LET(p,Tuning!$C$8,f,Distributions!$B$1:$Q$1,s,INDEX(Distributions!$B$2:$Q$89,MATCH($A3,Distributions!$A$2:$A$89,0),0),IF(p<=INDEX(f,1,1),INDEX(s,1,1),IF(p>=INDEX(f,1,16),INDEX(s,1,16),LET(i,MATCH(p,f,1),a,INDEX(f,1,i),b,INDEX(f,1,i+1),c,INDEX(s,1,i),d,INDEX(s,1,i+1),ROUND(c+(p-a)/(b-a)*(d-c)))))),$H3+1)","=MAX(LET(p,Tuning!$C$9,f,Distributions!$B$1:$Q$1,s,INDEX(Distributions!$B$2:$Q$89,MATCH($A3,Distributions!$A$2:$A$89,0),0),IF(p<=INDEX(f,1,1),INDEX(s,1,1),IF(p>=INDEX(f,1,16),INDEX(s,1,16),LET(i,MATCH(p,f,1),a,INDEX(f,1,i),b,INDEX(f,1,i+1),c,INDEX(s,1,i),d,INDEX(s,1,i+1),ROUND(c+(p-a)/(b-a)*(d-c)))))),$I3+1)"
Wide Wall 4 Targets,Clicking,Wide Wall,Advanced,9-12,207742,"=LET(p,Tuning!$C$10,f,Distributions!$B$1:$Q$1,s,INDEX(Distributions!$B$2:$Q$89,MATCH($A4,Distributions!$A$2:$A$89,0),0),IF(p<=INDEX(f,1,1),INDEX(s,1,1),IF(p>=INDEX(f,1,16),INDEX(s,1,16),LET(i,MATCH(p,f,1),a,INDEX(f,1,i),b,INDEX(f,1,i+1),c,INDEX(s,1,i),d,INDEX(s,1,i+1),ROUND(c+(p-a)/(b-a)*(d-c))))))","=MAX(LET(p,Tuning!$C$11,f,Distributions!$B$1:$Q$1,s,INDEX(Distributions!$B$2:$Q$89,MATCH($A4,Distributions!$A$2:$A$89,0),0),IF(p<=INDEX(f,1,1),INDEX(s,1,1),IF(p>=INDEX(f,1,16),INDEX(s,1,16),LET(i,MATCH(p,f,1),a,INDEX(f,1,i),b,INDEX(f,1,i+1),c,INDEX(s,1,i),d,INDEX(s,1,i+1),ROUND(c+(p-a)/(b-a)*(d-c)))))),$G4+1)","=MAX(LET(p,Tuning!$C$12,f,Distributions!$B$1:$Q$1,s,INDEX(Distributions!$B$2:$Q$89,MATCH($A4,Distributions!$A$2:$A$89,0),0),IF(p<=INDEX(f,1,1),INDEX(s,1,1),IF(p>=INDEX(f,1,16),INDEX(s,1,16),LET(i,MATCH(p,f,1),a,INDEX(f,1,i),b,INDEX(f,1,i+1),c,INDEX(s,1,i),d,INDEX(s,1,i+1),ROUND(c+(p-a)/(b-a)*(d-c)))))),$H4+1)","=MAX(LET(p,Tuning!$C$13,f,Distributions!$B$1:$Q$1,s,INDEX(Distributions!$B$2:$Q$89,MATCH($A4,Distributions!$A$2:$A$89,0),0),IF(p<=INDEX(f,1,1),INDEX(s,1,1),IF(p>=INDEX(f,1,16),INDEX(s,1,16),LET(i,MATCH(p,f,1),a,INDEX(f,1,i),b,INDEX(f,1,i+1),c,INDEX(s,1,i),d,INDEX(s,1,i+1),ROUND(c+(p-a)/(b-a)*(d-c)))))),$I4+1)"
Wide Wall 3 Targets,Clicking,Wide Wall,Expert,13-16,383110,"=LET(p,Tuning!$C$14,f,Distributions!$B$1:$Q$1,s,INDEX(Distributions!$B$2:$Q$89,MATCH($A5,Distributions!$A$2:$A$89,0),0),IF(p<=INDEX(f,1,1),INDEX(s,1,1),IF(p>=INDEX(f,1,16),INDEX(s,1,16),LET(i,MATCH(p,f,1),a,INDEX(f,1,i),b,INDEX(f,1,i+1),c,INDEX(s,1,i),d,INDEX(s,1,i+1),ROUND(c+(p-a)/(b-a)*(d-c))))))","=MAX(LET(p,Tuning!$C$15,f,Distributions!$B$1:$Q$1,s,INDEX(Distributions!$B$2:$Q$89,MATCH($A5,Distributions!$A$2:$A$89,0),0),IF(p<=INDEX(f,1,1),INDEX(s,1,1),IF(p>=INDEX(f,1,16),INDEX(s,1,16),LET(i,MATCH(p,f,1),a,INDEX(f,1,i),b,INDEX(f,1,i+1),c,INDEX(s,1,i),d,INDEX(s,1,i+1),ROUND(c+(p-a)/(b-a)*(d-c)))))),$G5+1)","=MAX(LET(p,Tuning!$C$16,f,Distributions!$B$1:$Q$1,s,INDEX(Distributions!$B$2:$Q$89,MATCH($A5,Distributions!$A$2:$A$89,0),0),IF(p<=INDEX(f,1,1),INDEX(s,1,1),IF(p>=INDEX(f,1,16),INDEX(s,1,16),LET(i,MATCH(p,f,1),a,INDEX(f,1,i),b,INDEX(f,1,i+1),c,INDEX(s,1,i),d,INDEX(s,1,i+1),ROUND(c+(p-a)/(b-a)*(d-c)))))),$H5+1)","=MAX(LET(p,Tuning!$C$17,f,Distributions!$B$1:$Q$1,s,INDEX(Distributions!$B$2:$Q$89,MATCH($A5,Distributions!$A$2:$A$89,0),0),IF(p<=INDEX(f,1,1),INDEX(s,1,1),IF(p>=INDEX(f,1,16),INDEX(s,1,16),LET(i,MATCH(p,f,1),a,INDEX(f,1,i),b,INDEX(f,1,i+1),c,INDEX(s,1,i),d,INDEX(s,1,i+1),ROUND(c+(p-a)/(b-a)*(d-c)))))),$I5+1)"
VT 1w6ts Rasp Novice,Clicking,Reload Wall,Novice,1-4,122762,"=LET(p,Tuning!$C$2,f,Distributions!$B$1:$Q$1,s,INDEX(Distributions!$B$2:$Q$89,MATCH($A6,Distributions!$A$2:$A$89,0),0),IF(p<=INDEX(f,1,1),INDEX(s,1,1),IF(p>=INDEX(f,1,16),INDEX(s,1,16),LET(i,MATCH(p,f,1),a,INDEX(f,1,i),b,INDEX(f,1,i+1),c,INDEX(s,1,i),d,INDEX(s,1,i+1),ROUND(c+(p-a)/(b-a)*(d-c))))))","=MAX(LET(p,Tuning!$C$3,f,Distributions!$B$1:$Q$1,s,INDEX(Distributions!$B$2:$Q$89,MATCH($A6,Distributions!$A$2:$A$89,0),0),IF(p<=INDEX(f,1,1),INDEX(s,1,1),IF(p>=INDEX(f,1,16),INDEX(s,1,16),LET(i,MATCH(p,f,1),a,INDEX(f,1,i),b,INDEX(f,1,i+1),c,INDEX(s,1,i),d,INDEX(s,1,i+1),ROUND(c+(p-a)/(b-a)*(d-c)))))),$G6+1)","=MAX(LET(p,Tuning!$C$4,f,Distributions!$B$1:$Q$1,s,INDEX(Distributions!$B$2:$Q$89,MATCH($A6,Distributions!$A$2:$A$89,0),0),IF(p<=INDEX(f,1,1),INDEX(s,1,1),IF(p>=INDEX(f,1,16),INDEX(s,1,16),LET(i,MATCH(p,f,1),a,INDEX(f,1,i),b,INDEX(f,1,i+1),c,INDEX(s,1,i),d,INDEX(s,1,i+1),ROUND(c+(p-a)/(b-a)*(d-c)))))),$H6+1)","=MAX(LET(p,Tuning!$C$5,f,Distributions!$B$1:$Q$1,s,INDEX(Distributions!$B$2:$Q$89,MATCH($A6,Distributions!$A$2:$A$89,0),0),IF(p<=INDEX(f,1,1),INDEX(s,1,1),IF(p>=INDEX(f,1,16),INDEX(s,1,16),LET(i,MATCH(p,f,1),a,INDEX(f,1,i),b,INDEX(f,1,i+1),c,INDEX(s,1,i),d,INDEX(s,1,i+1),ROUND(c+(p-a)/(b-a)*(d-c)))))),$I6+1)"
VT 1w5ts Rasp Intermediate,Clicking,Reload Wall,Intermediate,5-8,72043,"=LET(p,Tuning!$C$6,f,Distributions!$B$1:$Q$1,s,INDEX(Distributions!$B$2:$Q$89,MATCH($A7,Distributions!$A$2:$A$89,0),0),IF(p<=INDEX(f,1,1),INDEX(s,1,1),IF(p>=INDEX(f,1,16),INDEX(s,1,16),LET(i,MATCH(p,f,1),a,INDEX(f,1,i),b,INDEX(f,1,i+1),c,INDEX(s,1,i),d,INDEX(s,1,i+1),ROUND(c+(p-a)/(b-a)*(d-c))))))","=MAX(LET(p,Tuning!$C$7,f,Distributions!$B$1:$Q$1,s,INDEX(Distributions!$B$2:$Q$89,MATCH($A7,Distributions!$A$2:$A$89,0),0),IF(p<=INDEX(f,1,1),INDEX(s,1,1),IF(p>=INDEX(f,1,16),INDEX(s,1,16),LET(i,MATCH(p,f,1),a,INDEX(f,1,i),b,INDEX(f,1,i+1),c,INDEX(s,1,i),d,INDEX(s,1,i+1),ROUND(c+(p-a)/(b-a)*(d-c)))))),$G7+1)","=MAX(LET(p,Tuning!$C$8,f,Distributions!$B$1:$Q$1,s,INDEX(Distributions!$B$2:$Q$89,MATCH($A7,Distributions!$A$2:$A$89,0),0),IF(p<=INDEX(f,1,1),INDEX(s,1,1),IF(p>=INDEX(f,1,16),INDEX(s,1,16),LET(i,MATCH(p,f,1),a,INDEX(f,1,i),b,INDEX(f,1,i+1),c,INDEX(s,1,i),d,INDEX(s,1,i+1),ROUND(c+(p-a)/(b-a)*(d-c)))))),$H7+1)","=MAX(LET(p,Tuning!$C$9,f,Distributions!$B$1:$Q$1,s,INDEX(Distributions!$B$2:$Q$89,MATCH($A7,Distributions!$A$2:$A$89,0),0),IF(p<=INDEX(f,1,1),INDEX(s,1,1),IF(p>=INDEX(f,1,16),INDEX(s,1,16),LET(i,MATCH(p,f,1),a,INDEX(f,1,i),b,INDEX(f,1,i+1),c,INDEX(s,1,i),d,INDEX(s,1,i+1),ROUND(c+(p-a)/(b-a)*(d-c)))))),$I7+1)"
1w6ts reload v2 20% bigger,Clicking,Reload Wall,Advanced,9-12,21583,"=LET(p,Tuning!$C$10,f,Distributions!$B$1:$Q$1,s,INDEX(Distributions!$B$2:$Q$89,MATCH($A8,Distributions!$A$2:$A$89,0),0),IF(p<=INDEX(f,1,1),INDEX(s,1,1),IF(p>=INDEX(f,1,16),INDEX(s,1,16),LET(i,MATCH(p,f,1),a,INDEX(f,1,i),b,INDEX(f,1,i+1),c,INDEX(s,1,i),d,INDEX(s,1,i+1),ROUND(c+(p-a)/(b-a)*(d-c))))))","=MAX(LET(p,Tuning!$C$11,f,Distributions!$B$1:$Q$1,s,INDEX(Distributions!$B$2:$Q$89,MATCH($A8,Distributions!$A$2:$A$89,0),0),IF(p<=INDEX(f,1,1),INDEX(s,1,1),IF(p>=INDEX(f,1,16),INDEX(s,1,16),LET(i,MATCH(p,f,1),a,INDEX(f,1,i),b,INDEX(f,1,i+1),c,INDEX(s,1,i),d,INDEX(s,1,i+1),ROUND(c+(p-a)/(b-a)*(d-c)))))),$G8+1)","=MAX(LET(p,Tuning!$C$12,f,Distributions!$B$1:$Q$1,s,INDEX(Distributions!$B$2:$Q$89,MATCH($A8,Distributions!$A$2:$A$89,0),0),IF(p<=INDEX(f,1,1),INDEX(s,1,1),IF(p>=INDEX(f,1,16),INDEX(s,1,16),LET(i,MATCH(p,f,1),a,INDEX(f,1,i),b,INDEX(f,1,i+1),c,INDEX(s,1,i),d,INDEX(s,1,i+1),ROUND(c+(p-a)/(b-a)*(d-c)))))),$H8+1)","=MAX(LET(p,Tuning!$C$13,f,Distributions!$B$1:$Q$1,s,INDEX(Distributions!$B$2:$Q$89,MATCH($A8,Distributions!$A$2:$A$89,0),0),IF(p<=INDEX(f,1,1),INDEX(s,1,1),IF(p>=INDEX(f,1,16),INDEX(s,1,16),LET(i,MATCH(p,f,1),a,INDEX(f,1,i),b,INDEX(f,1,i+1),c,INDEX(s,1,i),d,INDEX(s,1,i+1),ROUND(c+(p-a)/(b-a)*(d-c)))))),$I8+1)"
1w6ts reload v2,Clicking,Reload Wall,Expert,13-16,51420,"=LET(p,Tuning!$C$14,f,Distributions!$B$1:$Q$1,s,INDEX(Distributions!$B$2:$Q$89,MATCH($A9,Distributions!$A$2:$A$89,0),0),IF(p<=INDEX(f,1,1),INDEX(s,1,1),IF(p>=INDEX(f,1,16),INDEX(s,1,16),LET(i,MATCH(p,f,1),a,INDEX(f,1,i),b,INDEX(f,1,i+1),c,INDEX(s,1,i),d,INDEX(s,1,i+1),ROUND(c+(p-a)/(b-a)*(d-c))))))","=MAX(LET(p,Tuning!$C$15,f,Distributions!$B$1:$Q$1,s,INDEX(Distributions!$B$2:$Q$89,MATCH($A9,Distributions!$A$2:$A$89,0),0),IF(p<=INDEX(f,1,1),INDEX(s,1,1),IF(p>=INDEX(f,1,16),INDEX(s,1,16),LET(i,MATCH(p,f,1),a,INDEX(f,1,i),b,INDEX(f,1,i+1),c,INDEX(s,1,i),d,INDEX(s,1,i+1),ROUND(c+(p-a)/(b-a)*(d-c)))))),$G9+1)","=MAX(LET(p,Tuning!$C$16,f,Distributions!$B$1:$Q$1,s,INDEX(Distributions!$B$2:$Q$89,MATCH($A9,Distributions!$A$2:$A$89,0),0),IF(p<=INDEX(f,1,1),INDEX(s,1,1),IF(p>=INDEX(f,1,16),INDEX(s,1,16),LET(i,MATCH(p,f,1),a,INDEX(f,1,i),b,INDEX(f,1,i+1),c,INDEX(s,1,i),d,INDEX(s,1,i+1),ROUND(c+(p-a)/(b-a)*(d-c)))))),$H9+1)","=MAX(LET(p,Tuning!$C$17,f,Distributions!$B$1:$Q$1,s,INDEX(Distributions!$B$2:$Q$89,MATCH($A9,Distributions!$A$2:$A$89,0),0),IF(p<=INDEX(f,1,1),INDEX(s,1,1),IF(p>=INDEX(f,1,16),INDEX(s,1,16),LET(i,MATCH(p,f,1),a,INDEX(f,1,i),b,INDEX(f,1,i+1),c,INDEX(s,1,i),d,INDEX(s,1,i+1),ROUND(c+(p-a)/(b-a)*(d-c)))))),$I9+1)"
VT Pasu Novice S5,Clicking,Pasu,Novice,1-4,115450,"=LET(p,Tuning!$C$2,f,Distributions!$B$1:$Q$1,s,INDEX(Distributions!$B$2:$Q$89,MATCH($A10,Distributions!$A$2:$A$89,0),0),IF(p<=INDEX(f,1,1),INDEX(s,1,1),IF(p>=INDEX(f,1,16),INDEX(s,1,16),LET(i,MATCH(p,f,1),a,INDEX(f,1,i),b,INDEX(f,1,i+1),c,INDEX(s,1,i),d,INDEX(s,1,i+1),ROUND(c+(p-a)/(b-a)*(d-c))))))","=MAX(LET(p,Tuning!$C$3,f,Distributions!$B$1:$Q$1,s,INDEX(Distributions!$B$2:$Q$89,MATCH($A10,Distributions!$A$2:$A$89,0),0),IF(p<=INDEX(f,1,1),INDEX(s,1,1),IF(p>=INDEX(f,1,16),INDEX(s,1,16),LET(i,MATCH(p,f,1),a,INDEX(f,1,i),b,INDEX(f,1,i+1),c,INDEX(s,1,i),d,INDEX(s,1,i+1),ROUND(c+(p-a)/(b-a)*(d-c)))))),$G10+1)","=MAX(LET(p,Tuning!$C$4,f,Distributions!$B$1:$Q$1,s,INDEX(Distributions!$B$2:$Q$89,MATCH($A10,Distributions!$A$2:$A$89,0),0),IF(p<=INDEX(f,1,1),INDEX(s,1,1),IF(p>=INDEX(f,1,16),INDEX(s,1,16),LET(i,MATCH(p,f,1),a,INDEX(f,1,i),b,INDEX(f,1,i+1),c,INDEX(s,1,i),d,INDEX(s,1,i+1),ROUND(c+(p-a)/(b-a)*(d-c)))))),$H10+1)","=MAX(LET(p,Tuning!$C$5,f,Distributions!$B$1:$Q$1,s,INDEX(Distributions!$B$2:$Q$89,MATCH($A10,Distributions!$A$2:$A$89,0),0),IF(p<=INDEX(f,1,1),INDEX(s,1,1),IF(p>=INDEX(f,1,16),INDEX(s,1,16),LET(i,MATCH(p,f,1),a,INDEX(f,1,i),b,INDEX(f,1,i+1),c,INDEX(s,1,i),d,INDEX(s,1,i+1),ROUND(c+(p-a)/(b-a)*(d-c)))))),$I10+1)"
VT Pasu Intermediate S5,Clicking,Pasu,Intermediate,5-8,79758,"=LET(p,Tuning!$C$6,f,Distributions!$B$1:$Q$1,s,INDEX(Distributions!$B$2:$Q$89,MATCH($A11,Distributions!$A$2:$A$89,0),0),IF(p<=INDEX(f,1,1),INDEX(s,1,1),IF(p>=INDEX(f,1,16),INDEX(s,1,16),LET(i,MATCH(p,f,1),a,INDEX(f,1,i),b,INDEX(f,1,i+1),c,INDEX(s,1,i),d,INDEX(s,1,i+1),ROUND(c+(p-a)/(b-a)*(d-c))))))","=MAX(LET(p,Tuning!$C$7,f,Distributions!$B$1:$Q$1,s,INDEX(Distributions!$B$2:$Q$89,MATCH($A11,Distributions!$A$2:$A$89,0),0),IF(p<=INDEX(f,1,1),INDEX(s,1,1),IF(p>=INDEX(f,1,16),INDEX(s,1,16),LET(i,MATCH(p,f,1),a,INDEX(f,1,i),b,INDEX(f,1,i+1),c,INDEX(s,1,i),d,INDEX(s,1,i+1),ROUND(c+(p-a)/(b-a)*(d-c)))))),$G11+1)","=MAX(LET(p,Tuning!$C$8,f,Distributions!$B$1:$Q$1,s,INDEX(Distributions!$B$2:$Q$89,MATCH($A11,Distributions!$A$2:$A$89,0),0),IF(p<=INDEX(f,1,1),INDEX(s,1,1),IF(p>=INDEX(f,1,16),INDEX(s,1,16),LET(i,MATCH(p,f,1),a,INDEX(f,1,i),b,INDEX(f,1,i+1),c,INDEX(s,1,i),d,INDEX(s,1,i+1),ROUND(c+(p-a)/(b-a)*(d-c)))))),$H11+1)","=MAX(LET(p,Tuning!$C$9,f,Distributions!$B$1:$Q$1,s,INDEX(Distributions!$B$2:$Q$89,MATCH($A11,Distributions!$A$2:$A$89,0),0),IF(p<=INDEX(f,1,1),INDEX(s,1,1),IF(p>=INDEX(f,1,16),INDEX(s,1,16),LET(i,MATCH(p,f,1),a,INDEX(f,1,i),b,INDEX(f,1,i+1),c,INDEX(s,1,i),d,INDEX(s,1,i+1),ROUND(c+(p-a)/(b-a)*(d-c)))))),$I11+1)"
VT Pasu Advanced S5,Clicking,Pasu,Advanced,9-12,25242,"=LET(p,Tuning!$C$10,f,Distributions!$B$1:$Q$1,s,INDEX(Distributions!$B$2:$Q$89,MATCH($A12,Distributions!$A$2:$A$89,0),0),IF(p<=INDEX(f,1,1),INDEX(s,1,1),IF(p>=INDEX(f,1,16),INDEX(s,1,16),LET(i,MATCH(p,f,1),a,INDEX(f,1,i),b,INDEX(f,1,i+1),c,INDEX(s,1,i),d,INDEX(s,1,i+1),ROUND(c+(p-a)/(b-a)*(d-c))))))","=MAX(LET(p,Tuning!$C$11,f,Distributions!$B$1:$Q$1,s,INDEX(Distributions!$B$2:$Q$89,MATCH($A12,Distributions!$A$2:$A$89,0),0),IF(p<=INDEX(f,1,1),INDEX(s,1,1),IF(p>=INDEX(f,1,16),INDEX(s,1,16),LET(i,MATCH(p,f,1),a,INDEX(f,1,i),b,INDEX(f,1,i+1),c,INDEX(s,1,i),d,INDEX(s,1,i+1),ROUND(c+(p-a)/(b-a)*(d-c)))))),$G12+1)","=MAX(LET(p,Tuning!$C$12,f,Distributions!$B$1:$Q$1,s,INDEX(Distributions!$B$2:$Q$89,MATCH($A12,Distributions!$A$2:$A$89,0),0),IF(p<=INDEX(f,1,1),INDEX(s,1,1),IF(p>=INDEX(f,1,16),INDEX(s,1,16),LET(i,MATCH(p,f,1),a,INDEX(f,1,i),b,INDEX(f,1,i+1),c,INDEX(s,1,i),d,INDEX(s,1,i+1),ROUND(c+(p-a)/(b-a)*(d-c)))))),$H12+1)","=MAX(LET(p,Tuning!$C$13,f,Distributions!$B$1:$Q$1,s,INDEX(Distributions!$B$2:$Q$89,MATCH($A12,Distributions!$A$2:$A$89,0),0),IF(p<=INDEX(f,1,1),INDEX(s,1,1),IF(p>=INDEX(f,1,16),INDEX(s,1,16),LET(i,MATCH(p,f,1),a,INDEX(f,1,i),b,INDEX(f,1,i+1),c,INDEX(s,1,i),d,INDEX(s,1,i+1),ROUND(c+(p-a)/(b-a)*(d-c)))))),$I12+1)"
Pasu Reload Goated,Clicking,Pasu,Expert,13-16,25879,"=LET(p,Tuning!$C$14,f,Distributions!$B$1:$Q$1,s,INDEX(Distributions!$B$2:$Q$89,MATCH($A13,Distributions!$A$2:$A$89,0),0),IF(p<=INDEX(f,1,1),INDEX(s,1,1),IF(p>=INDEX(f,1,16),INDEX(s,1,16),LET(i,MATCH(p,f,1),a,INDEX(f,1,i),b,INDEX(f,1,i+1),c,INDEX(s,1,i),d,INDEX(s,1,i+1),ROUND(c+(p-a)/(b-a)*(d-c))))))","=MAX(LET(p,Tuning!$C$15,f,Distributions!$B$1:$Q$1,s,INDEX(Distributions!$B$2:$Q$89,MATCH($A13,Distributions!$A$2:$A$89,0),0),IF(p<=INDEX(f,1,1),INDEX(s,1,1),IF(p>=INDEX(f,1,16),INDEX(s,1,16),LET(i,MATCH(p,f,1),a,INDEX(f,1,i),b,INDEX(f,1,i+1),c,INDEX(s,1,i),d,INDEX(s,1,i+1),ROUND(c+(p-a)/(b-a)*(d-c)))))),$G13+1)","=MAX(LET(p,Tuning!$C$16,f,Distributions!$B$1:$Q$1,s,INDEX(Distributions!$B$2:$Q$89,MATCH($A13,Distributions!$A$2:$A$89,0),0),IF(p<=INDEX(f,1,1),INDEX(s,1,1),IF(p>=INDEX(f,1,16),INDEX(s,1,16),LET(i,MATCH(p,f,1),a,INDEX(f,1,i),b,INDEX(f,1,i+1),c,INDEX(s,1,i),d,INDEX(s,1,i+1),ROUND(c+(p-a)/(b-a)*(d-c)))))),$H13+1)","=MAX(LET(p,Tuning!$C$17,f,Distributions!$B$1:$Q$1,s,INDEX(Distributions!$B$2:$Q$89,MATCH($A13,Distributions!$A$2:$A$89,0),0),IF(p<=INDEX(f,1,1),INDEX(s,1,1),IF(p>=INDEX(f,1,16),INDEX(s,1,16),LET(i,MATCH(p,f,1),a,INDEX(f,1,i),b,INDEX(f,1,i+1),c,INDEX(s,1,i),d,INDEX(s,1,i+1),ROUND(c+(p-a)/(b-a)*(d-c)))))),$I13+1)"
VT Bounceshot Novice,Clicking,Bounceshot,Novice,1-4,125087,"=LET(p,Tuning!$C$2,f,Distributions!$B$1:$Q$1,s,INDEX(Distributions!$B$2:$Q$89,MATCH($A14,Distributions!$A$2:$A$89,0),0),IF(p<=INDEX(f,1,1),INDEX(s,1,1),IF(p>=INDEX(f,1,16),INDEX(s,1,16),LET(i,MATCH(p,f,1),a,INDEX(f,1,i),b,INDEX(f,1,i+1),c,INDEX(s,1,i),d,INDEX(s,1,i+1),ROUND(c+(p-a)/(b-a)*(d-c))))))","=MAX(LET(p,Tuning!$C$3,f,Distributions!$B$1:$Q$1,s,INDEX(Distributions!$B$2:$Q$89,MATCH($A14,Distributions!$A$2:$A$89,0),0),IF(p<=INDEX(f,1,1),INDEX(s,1,1),IF(p>=INDEX(f,1,16),INDEX(s,1,16),LET(i,MATCH(p,f,1),a,INDEX(f,1,i),b,INDEX(f,1,i+1),c,INDEX(s,1,i),d,INDEX(s,1,i+1),ROUND(c+(p-a)/(b-a)*(d-c)))))),$G14+1)","=MAX(LET(p,Tuning!$C$4,f,Distributions!$B$1:$Q$1,s,INDEX(Distributions!$B$2:$Q$89,MATCH($A14,Distributions!$A$2:$A$89,0),0),IF(p<=INDEX(f,1,1),INDEX(s,1,1),IF(p>=INDEX(f,1,16),INDEX(s,1,16),LET(i,MATCH(p,f,1),a,INDEX(f,1,i),b,INDEX(f,1,i+1),c,INDEX(s,1,i),d,INDEX(s,1,i+1),ROUND(c+(p-a)/(b-a)*(d-c)))))),$H14+1)","=MAX(LET(p,Tuning!$C$5,f,Distributions!$B$1:$Q$1,s,INDEX(Distributions!$B$2:$Q$89,MATCH($A14,Distributions!$A$2:$A$89,0),0),IF(p<=INDEX(f,1,1),INDEX(s,1,1),IF(p>=INDEX(f,1,16),INDEX(s,1,16),LET(i,MATCH(p,f,1),a,INDEX(f,1,i),b,INDEX(f,1,i+1),c,INDEX(s,1,i),d,INDEX(s,1,i+1),ROUND(c+(p-a)/(b-a)*(d-c)))))),$I14+1)"
B180 Voltaic Easy 92%,Clicking,Bounceshot,Intermediate,5-8,55044,"=LET(p,Tuning!$C$6,f,Distributions!$B$1:$Q$1,s,INDEX(Distributions!$B$2:$Q$89,MATCH($A15,Distributions!$A$2:$A$89,0),0),IF(p<=INDEX(f,1,1),INDEX(s,1,1),IF(p>=INDEX(f,1,16),INDEX(s,1,16),LET(i,MATCH(p,f,1),a,INDEX(f,1,i),b,INDEX(f,1,i+1),c,INDEX(s,1,i),d,INDEX(s,1,i+1),ROUND(c+(p-a)/(b-a)*(d-c))))))","=MAX(LET(p,Tuning!$C$7,f,Distributions!$B$1:$Q$1,s,INDEX(Distributions!$B$2:$Q$89,MATCH($A15,Distributions!$A$2:$A$89,0),0),IF(p<=INDEX(f,1,1),INDEX(s,1,1),IF(p>=INDEX(f,1,16),INDEX(s,1,16),LET(i,MATCH(p,f,1),a,INDEX(f,1,i),b,INDEX(f,1,i+1),c,INDEX(s,1,i),d,INDEX(s,1,i+1),ROUND(c+(p-a)/(b-a)*(d-c)))))),$G15+1)","=MAX(LET(p,Tuning!$C$8,f,Distributions!$B$1:$Q$1,s,INDEX(Distributions!$B$2:$Q$89,MATCH($A15,Distributions!$A$2:$A$89,0),0),IF(p<=INDEX(f,1,1),INDEX(s,1,1),IF(p>=INDEX(f,1,16),INDEX(s,1,16),LET(i,MATCH(p,f,1),a,INDEX(f,1,i),b,INDEX(f,1,i+1),c,INDEX(s,1,i),d,INDEX(s,1,i+1),ROUND(c+(p-a)/(b-a)*(d-c)))))),$H15+1)","=MAX(LET(p,Tuning!$C$9,f,Distributions!$B$1:$Q$1,s,INDEX(Distributions!$B$2:$Q$89,MATCH($A15,Distributions!$A$2:$A$89,0),0),IF(p<=INDEX(f,1,1),INDEX(s,1,1),IF(p>=INDEX(f,1,16),INDEX(s,1,16),LET(i,MATCH(p,f,1),a,INDEX(f,1,i),b,INDEX(f,1,i+1),c,INDEX(s,1,i),d,INDEX(s,1,i+1),ROUND(c+(p-a)/(b-a)*(d-c)))))),$I15+1)"
VT Bounceshot Viscose Medium,Clicking,Bounceshot,Advanced,9-12,16780,"=LET(p,Tuning!$C$10,f,Distributions!$B$1:$Q$1,s,INDEX(Distributions!$B$2:$Q$89,MATCH($A16,Distributions!$A$2:$A$89,0),0),IF(p<=INDEX(f,1,1),INDEX(s,1,1),IF(p>=INDEX(f,1,16),INDEX(s,1,16),LET(i,MATCH(p,f,1),a,INDEX(f,1,i),b,INDEX(f,1,i+1),c,INDEX(s,1,i),d,INDEX(s,1,i+1),ROUND(c+(p-a)/(b-a)*(d-c))))))","=MAX(LET(p,Tuning!$C$11,f,Distributions!$B$1:$Q$1,s,INDEX(Distributions!$B$2:$Q$89,MATCH($A16,Distributions!$A$2:$A$89,0),0),IF(p<=INDEX(f,1,1),INDEX(s,1,1),IF(p>=INDEX(f,1,16),INDEX(s,1,16),LET(i,MATCH(p,f,1),a,INDEX(f,1,i),b,INDEX(f,1,i+1),c,INDEX(s,1,i),d,INDEX(s,1,i+1),ROUND(c+(p-a)/(b-a)*(d-c)))))),$G16+1)","=MAX(LET(p,Tuning!$C$12,f,Distributions!$B$1:$Q$1,s,INDEX(Distributions!$B$2:$Q$89,MATCH($A16,Distributions!$A$2:$A$89,0),0),IF(p<=INDEX(f,1,1),INDEX(s,1,1),IF(p>=INDEX(f,1,16),INDEX(s,1,16),LET(i,MATCH(p,f,1),a,INDEX(f,1,i),b,INDEX(f,1,i+1),c,INDEX(s,1,i),d,INDEX(s,1,i+1),ROUND(c+(p-a)/(b-a)*(d-c)))))),$H16+1)","=MAX(LET(p,Tuning!$C$13,f,Distributions!$B$1:$Q$1,s,INDEX(Distributions!$B$2:$Q$89,MATCH($A16,Distributions!$A$2:$A$89,0),0),IF(p<=INDEX(f,1,1),INDEX(s,1,1),IF(p>=INDEX(f,1,16),INDEX(s,1,16),LET(i,MATCH(p,f,1),a,INDEX(f,1,i),b,INDEX(f,1,i+1),c,INDEX(s,1,i),d,INDEX(s,1,i+1),ROUND(c+(p-a)/(b-a)*(d-c)))))),$I16+1)"
VT Bounceshot Advanced,Clicking,Bounceshot,Expert,13-16,22127,"=LET(p,Tuning!$C$14,f,Distributions!$B$1:$Q$1,s,INDEX(Distributions!$B$2:$Q$89,MATCH($A17,Distributions!$A$2:$A$89,0),0),IF(p<=INDEX(f,1,1),INDEX(s,1,1),IF(p>=INDEX(f,1,16),INDEX(s,1,16),LET(i,MATCH(p,f,1),a,INDEX(f,1,i),b,INDEX(f,1,i+1),c,INDEX(s,1,i),d,INDEX(s,1,i+1),ROUND(c+(p-a)/(b-a)*(d-c))))))","=MAX(LET(p,Tuning!$C$15,f,Distributions!$B$1:$Q$1,s,INDEX(Distributions!$B$2:$Q$89,MATCH($A17,Distributions!$A$2:$A$89,0),0),IF(p<=INDEX(f,1,1),INDEX(s,1,1),IF(p>=INDEX(f,1,16),INDEX(s,1,16),LET(i,MATCH(p,f,1),a,INDEX(f,1,i),b,INDEX(f,1,i+1),c,INDEX(s,1,i),d,INDEX(s,1,i+1),ROUND(c+(p-a)/(b-a)*(d-c)))))),$G17+1)","=MAX(LET(p,Tuning!$C$16,f,Distributions!$B$1:$Q$1,s,INDEX(Distributions!$B$2:$Q$89,MATCH($A17,Distributions!$A$2:$A$89,0),0),IF(p<=INDEX(f,1,1),INDEX(s,1,1),IF(p>=INDEX(f,1,16),INDEX(s,1,16),LET(i,MATCH(p,f,1),a,INDEX(f,1,i),b,INDEX(f,1,i+1),c,INDEX(s,1,i),d,INDEX(s,1,i+1),ROUND(c+(p-a)/(b-a)*(d-c)))))),$H17+1)","=MAX(LET(p,Tuning!$C$17,f,Distributions!$B$1:$Q$1,s,INDEX(Distributions!$B$2:$Q$89,MATCH($A17,Distributions!$A$2:$A$89,0),0),IF(p<=INDEX(f,1,1),INDEX(s,1,1),IF(p>=INDEX(f,1,16),INDEX(s,1,16),LET(i,MATCH(p,f,1),a,INDEX(f,1,i),b,INDEX(f,1,i+1),c,INDEX(s,1,i),d,INDEX(s,1,i+1),ROUND(c+(p-a)/(b-a)*(d-c)))))),$I17+1)"
VT Floating Heads Novice S5,Clicking,Floating Heads,Novice,1-4,98229,"=LET(p,Tuning!$C$2,f,Distributions!$B$1:$Q$1,s,INDEX(Distributions!$B$2:$Q$89,MATCH($A18,Distributions!$A$2:$A$89,0),0),IF(p<=INDEX(f,1,1),INDEX(s,1,1),IF(p>=INDEX(f,1,16),INDEX(s,1,16),LET(i,MATCH(p,f,1),a,INDEX(f,1,i),b,INDEX(f,1,i+1),c,INDEX(s,1,i),d,INDEX(s,1,i+1),ROUND(c+(p-a)/(b-a)*(d-c))))))","=MAX(LET(p,Tuning!$C$3,f,Distributions!$B$1:$Q$1,s,INDEX(Distributions!$B$2:$Q$89,MATCH($A18,Distributions!$A$2:$A$89,0),0),IF(p<=INDEX(f,1,1),INDEX(s,1,1),IF(p>=INDEX(f,1,16),INDEX(s,1,16),LET(i,MATCH(p,f,1),a,INDEX(f,1,i),b,INDEX(f,1,i+1),c,INDEX(s,1,i),d,INDEX(s,1,i+1),ROUND(c+(p-a)/(b-a)*(d-c)))))),$G18+1)","=MAX(LET(p,Tuning!$C$4,f,Distributions!$B$1:$Q$1,s,INDEX(Distributions!$B$2:$Q$89,MATCH($A18,Distributions!$A$2:$A$89,0),0),IF(p<=INDEX(f,1,1),INDEX(s,1,1),IF(p>=INDEX(f,1,16),INDEX(s,1,16),LET(i,MATCH(p,f,1),a,INDEX(f,1,i),b,INDEX(f,1,i+1),c,INDEX(s,1,i),d,INDEX(s,1,i+1),ROUND(c+(p-a)/(b-a)*(d-c)))))),$H18+1)","=MAX(LET(p,Tuning!$C$5,f,Distributions!$B$1:$Q$1,s,INDEX(Distributions!$B$2:$Q$89,MATCH($A18,Distributions!$A$2:$A$89,0),0),IF(p<=INDEX(f,1,1),INDEX(s,1,1),IF(p>=INDEX(f,1,16),INDEX(s,1,16),LET(i,MATCH(p,f,1),a,INDEX(f,1,i),b,INDEX(f,1,i+1),c,INDEX(s,1,i),d,INDEX(s,1,i+1),ROUND(c+(p-a)/(b-a)*(d-c)))))),$I18+1)"
VT Floating Heads Intermediate S5,Clicking,Floating Heads,Intermediate,5-8,60906,"=LET(p,Tuning!$C$6,f,Distributions!$B$1:$Q$1,s,INDEX(Distributions!$B$2:$Q$89,MATCH($A19,Distributions!$A$2:$A$89,0),0),IF(p<=INDEX(f,1,1),INDEX(s,1,1),IF(p>=INDEX(f,1,16),INDEX(s,1,16),LET(i,MATCH(p,f,1),a,INDEX(f,1,i),b,INDEX(f,1,i+1),c,INDEX(s,1,i),d,INDEX(s,1,i+1),ROUND(c+(p-a)/(b-a)*(d-c))))))","=MAX(LET(p,Tuning!$C$7,f,Distributions!$B$1:$Q$1,s,INDEX(Distributions!$B$2:$Q$89,MATCH($A19,Distributions!$A$2:$A$89,0),0),IF(p<=INDEX(f,1,1),INDEX(s,1,1),IF(p>=INDEX(f,1,16),INDEX(s,1,16),LET(i,MATCH(p,f,1),a,INDEX(f,1,i),b,INDEX(f,1,i+1),c,INDEX(s,1,i),d,INDEX(s,1,i+1),ROUND(c+(p-a)/(b-a)*(d-c)))))),$G19+1)","=MAX(LET(p,Tuning!$C$8,f,Distributions!$B$1:$Q$1,s,INDEX(Distributions!$B$2:$Q$89,MATCH($A19,Distributions!$A$2:$A$89,0),0),IF(p<=INDEX(f,1,1),INDEX(s,1,1),IF(p>=INDEX(f,1,16),INDEX(s,1,16),LET(i,MATCH(p,f,1),a,INDEX(f,1,i),b,INDEX(f,1,i+1),c,INDEX(s,1,i),d,INDEX(s,1,i+1),ROUND(c+(p-a)/(b-a)*(d-c)))))),$H19+1)","=MAX(LET(p,Tuning!$C$9,f,Distributions!$B$1:$Q$1,s,INDEX(Distributions!$B$2:$Q$89,MATCH($A19,Distributions!$A$2:$A$89,0),0),IF(p<=INDEX(f,1,1),INDEX(s,1,1),IF(p>=INDEX(f,1,16),INDEX(s,1,16),LET(i,MATCH(p,f,1),a,INDEX(f,1,i),b,INDEX(f,1,i+1),c,INDEX(s,1,i),d,INDEX(s,1,i+1),ROUND(c+(p-a)/(b-a)*(d-c)))))),$I19+1)"
Floating Heads Timing 400% Larger,Clicking,Floating Heads,Advanced,9-12,69285,"=LET(p,Tuning!$C$10,f,Distributions!$B$1:$Q$1,s,INDEX(Distributions!$B$2:$Q$89,MATCH($A20,Distributions!$A$2:$A$89,0),0),IF(p<=INDEX(f,1,1),INDEX(s,1,1),IF(p>=INDEX(f,1,16),INDEX(s,1,16),LET(i,MATCH(p,f,1),a,INDEX(f,1,i),b,INDEX(f,1,i+1),c,INDEX(s,1,i),d,INDEX(s,1,i+1),ROUND(c+(p-a)/(b-a)*(d-c))))))","=MAX(LET(p,Tuning!$C$11,f,Distributions!$B$1:$Q$1,s,INDEX(Distributions!$B$2:$Q$89,MATCH($A20,Distributions!$A$2:$A$89,0),0),IF(p<=INDEX(f,1,1),INDEX(s,1,1),IF(p>=INDEX(f,1,16),INDEX(s,1,16),LET(i,MATCH(p,f,1),a,INDEX(f,1,i),b,INDEX(f,1,i+1),c,INDEX(s,1,i),d,INDEX(s,1,i+1),ROUND(c+(p-a)/(b-a)*(d-c)))))),$G20+1)","=MAX(LET(p,Tuning!$C$12,f,Distributions!$B$1:$Q$1,s,INDEX(Distributions!$B$2:$Q$89,MATCH($A20,Distributions!$A$2:$A$89,0),0),IF(p<=INDEX(f,1,1),INDEX(s,1,1),IF(p>=INDEX(f,1,16),INDEX(s,1,16),LET(i,MATCH(p,f,1),a,INDEX(f,1,i),b,INDEX(f,1,i+1),c,INDEX(s,1,i),d,INDEX(s,1,i+1),ROUND(c+(p-a)/(b-a)*(d-c)))))),$H20+1)","=MAX(LET(p,Tuning!$C$13,f,Distributions!$B$1:$Q$1,s,INDEX(Distributions!$B$2:$Q$89,MATCH($A20,Distributions!$A$2:$A$89,0),0),IF(p<=INDEX(f,1,1),INDEX(s,1,1),IF(p>=INDEX(f,1,16),INDEX(s,1,16),LET(i,MATCH(p,f,1),a,INDEX(f,1,i),b,INDEX(f,1,i+1),c,INDEX(s,1,i),d,INDEX(s,1,i+1),ROUND(c+(p-a)/(b-a)*(d-c)))))),$I20+1)"
Floating Heads Timing 400% FIXED,Clicking,Floating Heads,Expert,13-16,182809,"=LET(p,Tuning!$C$14,f,Distributions!$B$1:$Q$1,s,INDEX(Distributions!$B$2:$Q$89,MATCH($A21,Distributions!$A$2:$A$89,0),0),IF(p<=INDEX(f,1,1),INDEX(s,1,1),IF(p>=INDEX(f,1,16),INDEX(s,1,16),LET(i,MATCH(p,f,1),a,INDEX(f,1,i),b,INDEX(f,1,i+1),c,INDEX(s,1,i),d,INDEX(s,1,i+1),ROUND(c+(p-a)/(b-a)*(d-c))))))","=MAX(LET(p,Tuning!$C$15,f,Distributions!$B$1:$Q$1,s,INDEX(Distributions!$B$2:$Q$89,MATCH($A21,Distributions!$A$2:$A$89,0),0),IF(p<=INDEX(f,1,1),INDEX(s,1,1),IF(p>=INDEX(f,1,16),INDEX(s,1,16),LET(i,MATCH(p,f,1),a,INDEX(f,1,i),b,INDEX(f,1,i+1),c,INDEX(s,1,i),d,INDEX(s,1,i+1),ROUND(c+(p-a)/(b-a)*(d-c)))))),$G21+1)","=MAX(LET(p,Tuning!$C$16,f,Distributions!$B$1:$Q$1,s,INDEX(Distributions!$B$2:$Q$89,MATCH($A21,Distributions!$A$2:$A$89,0),0),IF(p<=INDEX(f,1,1),INDEX(s,1,1),IF(p>=INDEX(f,1,16),INDEX(s,1,16),LET(i,MATCH(p,f,1),a,INDEX(f,1,i),b,INDEX(f,1,i+1),c,INDEX(s,1,i),d,INDEX(s,1,i+1),ROUND(c+(p-a)/(b-a)*(d-c)))))),$H21+1)","=MAX(LET(p,Tuning!$C$17,f,Distributions!$B$1:$Q$1,s,INDEX(Distributions!$B$2:$Q$89,MATCH($A21,Distributions!$A$2:$A$89,0),0),IF(p<=INDEX(f,1,1),INDEX(s,1,1),IF(p>=INDEX(f,1,16),INDEX(s,1,16),LET(i,MATCH(p,f,1),a,INDEX(f,1,i),b,INDEX(f,1,i+1),c,INDEX(s,1,i),d,INDEX(s,1,i+1),ROUND(c+(p-a)/(b-a)*(d-c)))))),$I21+1)"
VT Frogtagon Novice S5,Clicking,voxTS Click,Novice,1-4,96999,"=LET(p,Tuning!$C$2,f,Distributions!$B$1:$Q$1,s,INDEX(Distributions!$B$2:$Q$89,MATCH($A22,Distributions!$A$2:$A$89,0),0),IF(p<=INDEX(f,1,1),INDEX(s,1,1),IF(p>=INDEX(f,1,16),INDEX(s,1,16),LET(i,MATCH(p,f,1),a,INDEX(f,1,i),b,INDEX(f,1,i+1),c,INDEX(s,1,i),d,INDEX(s,1,i+1),ROUND(c+(p-a)/(b-a)*(d-c))))))","=MAX(LET(p,Tuning!$C$3,f,Distributions!$B$1:$Q$1,s,INDEX(Distributions!$B$2:$Q$89,MATCH($A22,Distributions!$A$2:$A$89,0),0),IF(p<=INDEX(f,1,1),INDEX(s,1,1),IF(p>=INDEX(f,1,16),INDEX(s,1,16),LET(i,MATCH(p,f,1),a,INDEX(f,1,i),b,INDEX(f,1,i+1),c,INDEX(s,1,i),d,INDEX(s,1,i+1),ROUND(c+(p-a)/(b-a)*(d-c)))))),$G22+1)","=MAX(LET(p,Tuning!$C$4,f,Distributions!$B$1:$Q$1,s,INDEX(Distributions!$B$2:$Q$89,MATCH($A22,Distributions!$A$2:$A$89,0),0),IF(p<=INDEX(f,1,1),INDEX(s,1,1),IF(p>=INDEX(f,1,16),INDEX(s,1,16),LET(i,MATCH(p,f,1),a,INDEX(f,1,i),b,INDEX(f,1,i+1),c,INDEX(s,1,i),d,INDEX(s,1,i+1),ROUND(c+(p-a)/(b-a)*(d-c)))))),$H22+1)","=MAX(LET(p,Tuning!$C$5,f,Distributions!$B$1:$Q$1,s,INDEX(Distributions!$B$2:$Q$89,MATCH($A22,Distributions!$A$2:$A$89,0),0),IF(p<=INDEX(f,1,1),INDEX(s,1,1),IF(p>=INDEX(f,1,16),INDEX(s,1,16),LET(i,MATCH(p,f,1),a,INDEX(f,1,i),b,INDEX(f,1,i+1),c,INDEX(s,1,i),d,INDEX(s,1,i+1),ROUND(c+(p-a)/(b-a)*(d-c)))))),$I22+1)"
voxTargetSwitch Click,Clicking,voxTS Click,Intermediate,5-8,95356,"=LET(p,Tuning!$C$6,f,Distributions!$B$1:$Q$1,s,INDEX(Distributions!$B$2:$Q$89,MATCH($A23,Distributions!$A$2:$A$89,0),0),IF(p<=INDEX(f,1,1),INDEX(s,1,1),IF(p>=INDEX(f,1,16),INDEX(s,1,16),LET(i,MATCH(p,f,1),a,INDEX(f,1,i),b,INDEX(f,1,i+1),c,INDEX(s,1,i),d,INDEX(s,1,i+1),ROUND(c+(p-a)/(b-a)*(d-c))))))","=MAX(LET(p,Tuning!$C$7,f,Distributions!$B$1:$Q$1,s,INDEX(Distributions!$B$2:$Q$89,MATCH($A23,Distributions!$A$2:$A$89,0),0),IF(p<=INDEX(f,1,1),INDEX(s,1,1),IF(p>=INDEX(f,1,16),INDEX(s,1,16),LET(i,MATCH(p,f,1),a,INDEX(f,1,i),b,INDEX(f,1,i+1),c,INDEX(s,1,i),d,INDEX(s,1,i+1),ROUND(c+(p-a)/(b-a)*(d-c)))))),$G23+1)","=MAX(LET(p,Tuning!$C$8,f,Distributions!$B$1:$Q$1,s,INDEX(Distributions!$B$2:$Q$89,MATCH($A23,Distributions!$A$2:$A$89,0),0),IF(p<=INDEX(f,1,1),INDEX(s,1,1),IF(p>=INDEX(f,1,16),INDEX(s,1,16),LET(i,MATCH(p,f,1),a,INDEX(f,1,i),b,INDEX(f,1,i+1),c,INDEX(s,1,i),d,INDEX(s,1,i+1),ROUND(c+(p-a)/(b-a)*(d-c)))))),$H23+1)","=MAX(LET(p,Tuning!$C$9,f,Distributions!$B$1:$Q$1,s,INDEX(Distributions!$B$2:$Q$89,MATCH($A23,Distributions!$A$2:$A$89,0),0),IF(p<=INDEX(f,1,1),INDEX(s,1,1),IF(p>=INDEX(f,1,16),INDEX(s,1,16),LET(i,MATCH(p,f,1),a,INDEX(f,1,i),b,INDEX(f,1,i+1),c,INDEX(s,1,i),d,INDEX(s,1,i+1),ROUND(c+(p-a)/(b-a)*(d-c)))))),$I23+1)"
voxTargetClick 20% Small,Clicking,voxTS Click,Advanced,9-12,39066,"=LET(p,Tuning!$C$10,f,Distributions!$B$1:$Q$1,s,INDEX(Distributions!$B$2:$Q$89,MATCH($A24,Distributions!$A$2:$A$89,0),0),IF(p<=INDEX(f,1,1),INDEX(s,1,1),IF(p>=INDEX(f,1,16),INDEX(s,1,16),LET(i,MATCH(p,f,1),a,INDEX(f,1,i),b,INDEX(f,1,i+1),c,INDEX(s,1,i),d,INDEX(s,1,i+1),ROUND(c+(p-a)/(b-a)*(d-c))))))","=MAX(LET(p,Tuning!$C$11,f,Distributions!$B$1:$Q$1,s,INDEX(Distributions!$B$2:$Q$89,MATCH($A24,Distributions!$A$2:$A$89,0),0),IF(p<=INDEX(f,1,1),INDEX(s,1,1),IF(p>=INDEX(f,1,16),INDEX(s,1,16),LET(i,MATCH(p,f,1),a,INDEX(f,1,i),b,INDEX(f,1,i+1),c,INDEX(s,1,i),d,INDEX(s,1,i+1),ROUND(c+(p-a)/(b-a)*(d-c)))))),$G24+1)","=MAX(LET(p,Tuning!$C$12,f,Distributions!$B$1:$Q$1,s,INDEX(Distributions!$B$2:$Q$89,MATCH($A24,Distributions!$A$2:$A$89,0),0),IF(p<=INDEX(f,1,1),INDEX(s,1,1),IF(p>=INDEX(f,1,16),INDEX(s,1,16),LET(i,MATCH(p,f,1),a,INDEX(f,1,i),b,INDEX(f,1,i+1),c,INDEX(s,1,i),d,INDEX(s,1,i+1),ROUND(c+(p-a)/(b-a)*(d-c)))))),$H24+1)","=MAX(LET(p,Tuning!$C$13,f,Distributions!$B$1:$Q$1,s,INDEX(Distributions!$B$2:$Q$89,MATCH($A24,Distributions!$A$2:$A$89,0),0),IF(p<=INDEX(f,1,1),INDEX(s,1,1),IF(p>=INDEX(f,1,16),INDEX(s,1,16),LET(i,MATCH(p,f,1),a,INDEX(f,1,i),b,INDEX(f,1,i+1),c,INDEX(s,1,i),d,INDEX(s,1,i+1),ROUND(c+(p-a)/(b-a)*(d-c)))))),$I24+1)"
VoxTargetSwitch Click Small,Clicking,voxTS Click,Expert,13-16,127111,"=LET(p,Tuning!$C$14,f,Distributions!$B$1:$Q$1,s,INDEX(Distributions!$B$2:$Q$89,MATCH($A25,Distributions!$A$2:$A$89,0),0),IF(p<=INDEX(f,1,1),INDEX(s,1,1),IF(p>=INDEX(f,1,16),INDEX(s,1,16),LET(i,MATCH(p,f,1),a,INDEX(f,1,i),b,INDEX(f,1,i+1),c,INDEX(s,1,i),d,INDEX(s,1,i+1),ROUND(c+(p-a)/(b-a)*(d-c))))))","=MAX(LET(p,Tuning!$C$15,f,Distributions!$B$1:$Q$1,s,INDEX(Distributions!$B$2:$Q$89,MATCH($A25,Distributions!$A$2:$A$89,0),0),IF(p<=INDEX(f,1,1),INDEX(s,1,1),IF(p>=INDEX(f,1,16),INDEX(s,1,16),LET(i,MATCH(p,f,1),a,INDEX(f,1,i),b,INDEX(f,1,i+1),c,INDEX(s,1,i),d,INDEX(s,1,i+1),ROUND(c+(p-a)/(b-a)*(d-c)))))),$G25+1)","=MAX(LET(p,Tuning!$C$16,f,Distributions!$B$1:$Q$1,s,INDEX(Distributions!$B$2:$Q$89,MATCH($A25,Distributions!$A$2:$A$89,0),0),IF(p<=INDEX(f,1,1),INDEX(s,1,1),IF(p>=INDEX(f,1,16),INDEX(s,1,16),LET(i,MATCH(p,f,1),a,INDEX(f,1,i),b,INDEX(f,1,i+1),c,INDEX(s,1,i),d,INDEX(s,1,i+1),ROUND(c+(p-a)/(b-a)*(d-c)))))),$H25+1)","=MAX(LET(p,Tuning!$C$17,f,Distributions!$B$1:$Q$1,s,INDEX(Distributions!$B$2:$Q$89,MATCH($A25,Distributions!$A$2:$A$89,0),0),IF(p<=INDEX(f,1,1),INDEX(s,1,1),IF(p>=INDEX(f,1,16),INDEX(s,1,16),LET(i,MATCH(p,f,1),a,INDEX(f,1,i),b,INDEX(f,1,i+1),c,INDEX(s,1,i),d,INDEX(s,1,i+1),ROUND(c+(p-a)/(b-a)*(d-c)))))),$I25+1)"
eth Pasu Micro Entry,Clicking,eth Pasu Micro,Novice,1-4,2529,"=LET(p,Tuning!$C$2,f,Distributions!$B$1:$Q$1,s,INDEX(Distributions!$B$2:$Q$89,MATCH($A26,Distributions!$A$2:$A$89,0),0),IF(p<=INDEX(f,1,1),INDEX(s,1,1),IF(p>=INDEX(f,1,16),INDEX(s,1,16),LET(i,MATCH(p,f,1),a,INDEX(f,1,i),b,INDEX(f,1,i+1),c,INDEX(s,1,i),d,INDEX(s,1,i+1),ROUND(c+(p-a)/(b-a)*(d-c))))))","=MAX(LET(p,Tuning!$C$3,f,Distributions!$B$1:$Q$1,s,INDEX(Distributions!$B$2:$Q$89,MATCH($A26,Distributions!$A$2:$A$89,0),0),IF(p<=INDEX(f,1,1),INDEX(s,1,1),IF(p>=INDEX(f,1,16),INDEX(s,1,16),LET(i,MATCH(p,f,1),a,INDEX(f,1,i),b,INDEX(f,1,i+1),c,INDEX(s,1,i),d,INDEX(s,1,i+1),ROUND(c+(p-a)/(b-a)*(d-c)))))),$G26+1)","=MAX(LET(p,Tuning!$C$4,f,Distributions!$B$1:$Q$1,s,INDEX(Distributions!$B$2:$Q$89,MATCH($A26,Distributions!$A$2:$A$89,0),0),IF(p<=INDEX(f,1,1),INDEX(s,1,1),IF(p>=INDEX(f,1,16),INDEX(s,1,16),LET(i,MATCH(p,f,1),a,INDEX(f,1,i),b,INDEX(f,1,i+1),c,INDEX(s,1,i),d,INDEX(s,1,i+1),ROUND(c+(p-a)/(b-a)*(d-c)))))),$H26+1)","=MAX(LET(p,Tuning!$C$5,f,Distributions!$B$1:$Q$1,s,INDEX(Distributions!$B$2:$Q$89,MATCH($A26,Distributions!$A$2:$A$89,0),0),IF(p<=INDEX(f,1,1),INDEX(s,1,1),IF(p>=INDEX(f,1,16),INDEX(s,1,16),LET(i,MATCH(p,f,1),a,INDEX(f,1,i),b,INDEX(f,1,i+1),c,INDEX(s,1,i),d,INDEX(s,1,i+1),ROUND(c+(p-a)/(b-a)*(d-c)))))),$I26+1)"
eth Pasu Micro Easier,Clicking,eth Pasu Micro,Intermediate,5-8,20295,"=LET(p,Tuning!$C$6,f,Distributions!$B$1:$Q$1,s,INDEX(Distributions!$B$2:$Q$89,MATCH($A27,Distributions!$A$2:$A$89,0),0),IF(p<=INDEX(f,1,1),INDEX(s,1,1),IF(p>=INDEX(f,1,16),INDEX(s,1,16),LET(i,MATCH(p,f,1),a,INDEX(f,1,i),b,INDEX(f,1,i+1),c,INDEX(s,1,i),d,INDEX(s,1,i+1),ROUND(c+(p-a)/(b-a)*(d-c))))))","=MAX(LET(p,Tuning!$C$7,f,Distributions!$B$1:$Q$1,s,INDEX(Distributions!$B$2:$Q$89,MATCH($A27,Distributions!$A$2:$A$89,0),0),IF(p<=INDEX(f,1,1),INDEX(s,1,1),IF(p>=INDEX(f,1,16),INDEX(s,1,16),LET(i,MATCH(p,f,1),a,INDEX(f,1,i),b,INDEX(f,1,i+1),c,INDEX(s,1,i),d,INDEX(s,1,i+1),ROUND(c+(p-a)/(b-a)*(d-c)))))),$G27+1)","=MAX(LET(p,Tuning!$C$8,f,Distributions!$B$1:$Q$1,s,INDEX(Distributions!$B$2:$Q$89,MATCH($A27,Distributions!$A$2:$A$89,0),0),IF(p<=INDEX(f,1,1),INDEX(s,1,1),IF(p>=INDEX(f,1,16),INDEX(s,1,16),LET(i,MATCH(p,f,1),a,INDEX(f,1,i),b,INDEX(f,1,i+1),c,INDEX(s,1,i),d,INDEX(s,1,i+1),ROUND(c+(p-a)/(b-a)*(d-c)))))),$H27+1)","=MAX(LET(p,Tuning!$C$9,f,Distributions!$B$1:$Q$1,s,INDEX(Distributions!$B$2:$Q$89,MATCH($A27,Distributions!$A$2:$A$89,0),0),IF(p<=INDEX(f,1,1),INDEX(s,1,1),IF(p>=INDEX(f,1,16),INDEX(s,1,16),LET(i,MATCH(p,f,1),a,INDEX(f,1,i),b,INDEX(f,1,i+1),c,INDEX(s,1,i),d,INDEX(s,1,i+1),ROUND(c+(p-a)/(b-a)*(d-c)))))),$I27+1)"
eth Pasu Micro Medium,Clicking,eth Pasu Micro,Advanced,9-12,19065,"=LET(p,Tuning!$C$10,f,Distributions!$B$1:$Q$1,s,INDEX(Distributions!$B$2:$Q$89,MATCH($A28,Distributions!$A$2:$A$89,0),0),IF(p<=INDEX(f,1,1),INDEX(s,1,1),IF(p>=INDEX(f,1,16),INDEX(s,1,16),LET(i,MATCH(p,f,1),a,INDEX(f,1,i),b,INDEX(f,1,i+1),c,INDEX(s,1,i),d,INDEX(s,1,i+1),ROUND(c+(p-a)/(b-a)*(d-c))))))","=MAX(LET(p,Tuning!$C$11,f,Distributions!$B$1:$Q$1,s,INDEX(Distributions!$B$2:$Q$89,MATCH($A28,Distributions!$A$2:$A$89,0),0),IF(p<=INDEX(f,1,1),INDEX(s,1,1),IF(p>=INDEX(f,1,16),INDEX(s,1,16),LET(i,MATCH(p,f,1),a,INDEX(f,1,i),b,INDEX(f,1,i+1),c,INDEX(s,1,i),d,INDEX(s,1,i+1),ROUND(c+(p-a)/(b-a)*(d-c)))))),$G28+1)","=MAX(LET(p,Tuning!$C$12,f,Distributions!$B$1:$Q$1,s,INDEX(Distributions!$B$2:$Q$89,MATCH($A28,Distributions!$A$2:$A$89,0),0),IF(p<=INDEX(f,1,1),INDEX(s,1,1),IF(p>=INDEX(f,1,16),INDEX(s,1,16),LET(i,MATCH(p,f,1),a,INDEX(f,1,i),b,INDEX(f,1,i+1),c,INDEX(s,1,i),d,INDEX(s,1,i+1),ROUND(c+(p-a)/(b-a)*(d-c)))))),$H28+1)","=MAX(LET(p,Tuning!$C$13,f,Distributions!$B$1:$Q$1,s,INDEX(Distributions!$B$2:$Q$89,MATCH($A28,Distributions!$A$2:$A$89,0),0),IF(p<=INDEX(f,1,1),INDEX(s,1,1),IF(p>=INDEX(f,1,16),INDEX(s,1,16),LET(i,MATCH(p,f,1),a,INDEX(f,1,i),b,INDEX(f,1,i+1),c,INDEX(s,1,i),d,INDEX(s,1,i+1),ROUND(c+(p-a)/(b-a)*(d-c)))))),$I28+1)"
1w3ts Pasu Perfected Micro Goated,Clicking,eth Pasu Micro,Expert,13-16,51099,"=LET(p,Tuning!$C$14,f,Distributions!$B$1:$Q$1,s,INDEX(Distributions!$B$2:$Q$89,MATCH($A29,Distributions!$A$2:$A$89,0),0),IF(p<=INDEX(f,1,1),INDEX(s,1,1),IF(p>=INDEX(f,1,16),INDEX(s,1,16),LET(i,MATCH(p,f,1),a,INDEX(f,1,i),b,INDEX(f,1,i+1),c,INDEX(s,1,i),d,INDEX(s,1,i+1),ROUND(c+(p-a)/(b-a)*(d-c))))))","=MAX(LET(p,Tuning!$C$15,f,Distributions!$B$1:$Q$1,s,INDEX(Distributions!$B$2:$Q$89,MATCH($A29,Distributions!$A$2:$A$89,0),0),IF(p<=INDEX(f,1,1),INDEX(s,1,1),IF(p>=INDEX(f,1,16),INDEX(s,1,16),LET(i,MATCH(p,f,1),a,INDEX(f,1,i),b,INDEX(f,1,i+1),c,INDEX(s,1,i),d,INDEX(s,1,i+1),ROUND(c+(p-a)/(b-a)*(d-c)))))),$G29+1)","=MAX(LET(p,Tuning!$C$16,f,Distributions!$B$1:$Q$1,s,INDEX(Distributions!$B$2:$Q$89,MATCH($A29,Distributions!$A$2:$A$89,0),0),IF(p<=INDEX(f,1,1),INDEX(s,1,1),IF(p>=INDEX(f,1,16),INDEX(s,1,16),LET(i,MATCH(p,f,1),a,INDEX(f,1,i),b,INDEX(f,1,i+1),c,INDEX(s,1,i),d,INDEX(s,1,i+1),ROUND(c+(p-a)/(b-a)*(d-c)))))),$H29+1)","=MAX(LET(p,Tuning!$C$17,f,Distributions!$B$1:$Q$1,s,INDEX(Distributions!$B$2:$Q$89,MATCH($A29,Distributions!$A$2:$A$89,0),0),IF(p<=INDEX(f,1,1),INDEX(s,1,1),IF(p>=INDEX(f,1,16),INDEX(s,1,16),LET(i,MATCH(p,f,1),a,INDEX(f,1,i),b,INDEX(f,1,i+1),c,INDEX(s,1,i),d,INDEX(s,1,i+1),ROUND(c+(p-a)/(b-a)*(d-c)))))),$I29+1)"
1w2ts reload smallflicks Entry,Clicking,Smallflicks,Novice,1-4,2833,"=LET(p,Tuning!$C$2,f,Distributions!$B$1:$Q$1,s,INDEX(Distributions!$B$2:$Q$89,MATCH($A30,Distributions!$A$2:$A$89,0),0),IF(p<=INDEX(f,1,1),INDEX(s,1,1),IF(p>=INDEX(f,1,16),INDEX(s,1,16),LET(i,MATCH(p,f,1),a,INDEX(f,1,i),b,INDEX(f,1,i+1),c,INDEX(s,1,i),d,INDEX(s,1,i+1),ROUND(c+(p-a)/(b-a)*(d-c))))))","=MAX(LET(p,Tuning!$C$3,f,Distributions!$B$1:$Q$1,s,INDEX(Distributions!$B$2:$Q$89,MATCH($A30,Distributions!$A$2:$A$89,0),0),IF(p<=INDEX(f,1,1),INDEX(s,1,1),IF(p>=INDEX(f,1,16),INDEX(s,1,16),LET(i,MATCH(p,f,1),a,INDEX(f,1,i),b,INDEX(f,1,i+1),c,INDEX(s,1,i),d,INDEX(s,1,i+1),ROUND(c+(p-a)/(b-a)*(d-c)))))),$G30+1)","=MAX(LET(p,Tuning!$C$4,f,Distributions!$B$1:$Q$1,s,INDEX(Distributions!$B$2:$Q$89,MATCH($A30,Distributions!$A$2:$A$89,0),0),IF(p<=INDEX(f,1,1),INDEX(s,1,1),IF(p>=INDEX(f,1,16),INDEX(s,1,16),LET(i,MATCH(p,f,1),a,INDEX(f,1,i),b,INDEX(f,1,i+1),c,INDEX(s,1,i),d,INDEX(s,1,i+1),ROUND(c+(p-a)/(b-a)*(d-c)))))),$H30+1)","=MAX(LET(p,Tuning!$C$5,f,Distributions!$B$1:$Q$1,s,INDEX(Distributions!$B$2:$Q$89,MATCH($A30,Distributions!$A$2:$A$89,0),0),IF(p<=INDEX(f,1,1),INDEX(s,1,1),IF(p>=INDEX(f,1,16),INDEX(s,1,16),LET(i,MATCH(p,f,1),a,INDEX(f,1,i),b,INDEX(f,1,i+1),c,INDEX(s,1,i),d,INDEX(s,1,i+1),ROUND(c+(p-a)/(b-a)*(d-c)))))),$I30+1)"
1w2ts reload smallflicks larger,Clicking,Smallflicks,Intermediate,5-8,21119,"=LET(p,Tuning!$C$6,f,Distributions!$B$1:$Q$1,s,INDEX(Distributions!$B$2:$Q$89,MATCH($A31,Distributions!$A$2:$A$89,0),0),IF(p<=INDEX(f,1,1),INDEX(s,1,1),IF(p>=INDEX(f,1,16),INDEX(s,1,16),LET(i,MATCH(p,f,1),a,INDEX(f,1,i),b,INDEX(f,1,i+1),c,INDEX(s,1,i),d,INDEX(s,1,i+1),ROUND(c+(p-a)/(b-a)*(d-c))))))","=MAX(LET(p,Tuning!$C$7,f,Distributions!$B$1:$Q$1,s,INDEX(Distributions!$B$2:$Q$89,MATCH($A31,Distributions!$A$2:$A$89,0),0),IF(p<=INDEX(f,1,1),INDEX(s,1,1),IF(p>=INDEX(f,1,16),INDEX(s,1,16),LET(i,MATCH(p,f,1),a,INDEX(f,1,i),b,INDEX(f,1,i+1),c,INDEX(s,1,i),d,INDEX(s,1,i+1),ROUND(c+(p-a)/(b-a)*(d-c)))))),$G31+1)","=MAX(LET(p,Tuning!$C$8,f,Distributions!$B$1:$Q$1,s,INDEX(Distributions!$B$2:$Q$89,MATCH($A31,Distributions!$A$2:$A$89,0),0),IF(p<=INDEX(f,1,1),INDEX(s,1,1),IF(p>=INDEX(f,1,16),INDEX(s,1,16),LET(i,MATCH(p,f,1),a,INDEX(f,1,i),b,INDEX(f,1,i+1),c,INDEX(s,1,i),d,INDEX(s,1,i+1),ROUND(c+(p-a)/(b-a)*(d-c)))))),$H31+1)","=MAX(LET(p,Tuning!$C$9,f,Distributions!$B$1:$Q$1,s,INDEX(Distributions!$B$2:$Q$89,MATCH($A31,Distributions!$A$2:$A$89,0),0),IF(p<=INDEX(f,1,1),INDEX(s,1,1),IF(p>=INDEX(f,1,16),INDEX(s,1,16),LET(i,MATCH(p,f,1),a,INDEX(f,1,i),b,INDEX(f,1,i+1),c,INDEX(s,1,i),d,INDEX(s,1,i+1),ROUND(c+(p-a)/(b-a)*(d-c)))))),$I31+1)"
1w2ts reload smallflicks slightly larger,Clicking,Smallflicks,Advanced,9-12,20355,"=LET(p,Tuning!$C$10,f,Distributions!$B$1:$Q$1,s,INDEX(Distributions!$B$2:$Q$89,MATCH($A32,Distributions!$A$2:$A$89,0),0),IF(p<=INDEX(f,1,1),INDEX(s,1,1),IF(p>=INDEX(f,1,16),INDEX(s,1,16),LET(i,MATCH(p,f,1),a,INDEX(f,1,i),b,INDEX(f,1,i+1),c,INDEX(s,1,i),d,INDEX(s,1,i+1),ROUND(c+(p-a)/(b-a)*(d-c))))))","=MAX(LET(p,Tuning!$C$11,f,Distributions!$B$1:$Q$1,s,INDEX(Distributions!$B$2:$Q$89,MATCH($A32,Distributions!$A$2:$A$89,0),0),IF(p<=INDEX(f,1,1),INDEX(s,1,1),IF(p>=INDEX(f,1,16),INDEX(s,1,16),LET(i,MATCH(p,f,1),a,INDEX(f,1,i),b,INDEX(f,1,i+1),c,INDEX(s,1,i),d,INDEX(s,1,i+1),ROUND(c+(p-a)/(b-a)*(d-c)))))),$G32+1)","=MAX(LET(p,Tuning!$C$12,f,Distributions!$B$1:$Q$1,s,INDEX(Distributions!$B$2:$Q$89,MATCH($A32,Distributions!$A$2:$A$89,0),0),IF(p<=INDEX(f,1,1),INDEX(s,1,1),IF(p>=INDEX(f,1,16),INDEX(s,1,16),LET(i,MATCH(p,f,1),a,INDEX(f,1,i),b,INDEX(f,1,i+1),c,INDEX(s,1,i),d,INDEX(s,1,i+1),ROUND(c+(p-a)/(b-a)*(d-c)))))),$H32+1)","=MAX(LET(p,Tuning!$C$13,f,Distributions!$B$1:$Q$1,s,INDEX(Distributions!$B$2:$Q$89,MATCH($A32,Distributions!$A$2:$A$89,0),0),IF(p<=INDEX(f,1,1),INDEX(s,1,1),IF(p>=INDEX(f,1,16),INDEX(s,1,16),LET(i,MATCH(p,f,1),a,INDEX(f,1,i),b,INDEX(f,1,i+1),c,INDEX(s,1,i),d,INDEX(s,1,i+1),ROUND(c+(p-a)/(b-a)*(d-c)))))),$I32+1)"
1w2ts Pasu Perfected 30% Smaller,Clicking,Smallflicks,Expert,13-16,46459,"=LET(p,Tuning!$C$14,f,Distributions!$B$1:$Q$1,s,INDEX(Distributions!$B$2:$Q$89,MATCH($A33,Distributions!$A$2:$A$89,0),0),IF(p<=INDEX(f,1,1),INDEX(s,1,1),IF(p>=INDEX(f,1,16),INDEX(s,1,16),LET(i,MATCH(p,f,1),a,INDEX(f,1,i),b,INDEX(f,1,i+1),c,INDEX(s,1,i),d,INDEX(s,1,i+1),ROUND(c+(p-a)/(b-a)*(d-c))))))","=MAX(LET(p,Tuning!$C$15,f,Distributions!$B$1:$Q$1,s,INDEX(Distributions!$B$2:$Q$89,MATCH($A33,Distributions!$A$2:$A$89,0),0),IF(p<=INDEX(f,1,1),INDEX(s,1,1),IF(p>=INDEX(f,1,16),INDEX(s,1,16),LET(i,MATCH(p,f,1),a,INDEX(f,1,i),b,INDEX(f,1,i+1),c,INDEX(s,1,i),d,INDEX(s,1,i+1),ROUND(c+(p-a)/(b-a)*(d-c)))))),$G33+1)","=MAX(LET(p,Tuning!$C$16,f,Distributions!$B$1:$Q$1,s,INDEX(Distributions!$B$2:$Q$89,MATCH($A33,Distributions!$A$2:$A$89,0),0),IF(p<=INDEX(f,1,1),INDEX(s,1,1),IF(p>=INDEX(f,1,16),INDEX(s,1,16),LET(i,MATCH(p,f,1),a,INDEX(f,1,i),b,INDEX(f,1,i+1),c,INDEX(s,1,i),d,INDEX(s,1,i+1),ROUND(c+(p-a)/(b-a)*(d-c)))))),$H33+1)","=MAX(LET(p,Tuning!$C$17,f,Distributions!$B$1:$Q$1,s,INDEX(Distributions!$B$2:$Q$89,MATCH($A33,Distributions!$A$2:$A$89,0),0),IF(p<=INDEX(f,1,1),INDEX(s,1,1),IF(p>=INDEX(f,1,16),INDEX(s,1,16),LET(i,MATCH(p,f,1),a,INDEX(f,1,i),b,INDEX(f,1,i+1),c,INDEX(s,1,i),d,INDEX(s,1,i+1),ROUND(c+(p-a)/(b-a)*(d-c)))))),$I33+1)"
VT Smoothbot Novice,Tracking,Smoothbot,Novice,1-4,187441,"=LET(p,Tuning!$C$2,f,Distributions!$B$1:$Q$1,s,INDEX(Distributions!$B$2:$Q$89,MATCH($A34,Distributions!$A$2:$A$89,0),0),IF(p<=INDEX(f,1,1),INDEX(s,1,1),IF(p>=INDEX(f,1,16),INDEX(s,1,16),LET(i,MATCH(p,f,1),a,INDEX(f,1,i),b,INDEX(f,1,i+1),c,INDEX(s,1,i),d,INDEX(s,1,i+1),ROUND(c+(p-a)/(b-a)*(d-c))))))","=MAX(LET(p,Tuning!$C$3,f,Distributions!$B$1:$Q$1,s,INDEX(Distributions!$B$2:$Q$89,MATCH($A34,Distributions!$A$2:$A$89,0),0),IF(p<=INDEX(f,1,1),INDEX(s,1,1),IF(p>=INDEX(f,1,16),INDEX(s,1,16),LET(i,MATCH(p,f,1),a,INDEX(f,1,i),b,INDEX(f,1,i+1),c,INDEX(s,1,i),d,INDEX(s,1,i+1),ROUND(c+(p-a)/(b-a)*(d-c)))))),$G34+1)","=MAX(LET(p,Tuning!$C$4,f,Distributions!$B$1:$Q$1,s,INDEX(Distributions!$B$2:$Q$89,MATCH($A34,Distributions!$A$2:$A$89,0),0),IF(p<=INDEX(f,1,1),INDEX(s,1,1),IF(p>=INDEX(f,1,16),INDEX(s,1,16),LET(i,MATCH(p,f,1),a,INDEX(f,1,i),b,INDEX(f,1,i+1),c,INDEX(s,1,i),d,INDEX(s,1,i+1),ROUND(c+(p-a)/(b-a)*(d-c)))))),$H34+1)","=MAX(LET(p,Tuning!$C$5,f,Distributions!$B$1:$Q$1,s,INDEX(Distributions!$B$2:$Q$89,MATCH($A34,Distributions!$A$2:$A$89,0),0),IF(p<=INDEX(f,1,1),INDEX(s,1,1),IF(p>=INDEX(f,1,16),INDEX(s,1,16),LET(i,MATCH(p,f,1),a,INDEX(f,1,i),b,INDEX(f,1,i+1),c,INDEX(s,1,i),d,INDEX(s,1,i+1),ROUND(c+(p-a)/(b-a)*(d-c)))))),$I34+1)"
VT Smoothbot Intermediate,Tracking,Smoothbot,Intermediate,5-8,83099,"=LET(p,Tuning!$C$6,f,Distributions!$B$1:$Q$1,s,INDEX(Distributions!$B$2:$Q$89,MATCH($A35,Distributions!$A$2:$A$89,0),0),IF(p<=INDEX(f,1,1),INDEX(s,1,1),IF(p>=INDEX(f,1,16),INDEX(s,1,16),LET(i,MATCH(p,f,1),a,INDEX(f,1,i),b,INDEX(f,1,i+1),c,INDEX(s,1,i),d,INDEX(s,1,i+1),ROUND(c+(p-a)/(b-a)*(d-c))))))","=MAX(LET(p,Tuning!$C$7,f,Distributions!$B$1:$Q$1,s,INDEX(Distributions!$B$2:$Q$89,MATCH($A35,Distributions!$A$2:$A$89,0),0),IF(p<=INDEX(f,1,1),INDEX(s,1,1),IF(p>=INDEX(f,1,16),INDEX(s,1,16),LET(i,MATCH(p,f,1),a,INDEX(f,1,i),b,INDEX(f,1,i+1),c,INDEX(s,1,i),d,INDEX(s,1,i+1),ROUND(c+(p-a)/(b-a)*(d-c)))))),$G35+1)","=MAX(LET(p,Tuning!$C$8,f,Distributions!$B$1:$Q$1,s,INDEX(Distributions!$B$2:$Q$89,MATCH($A35,Distributions!$A$2:$A$89,0),0),IF(p<=INDEX(f,1,1),INDEX(s,1,1),IF(p>=INDEX(f,1,16),INDEX(s,1,16),LET(i,MATCH(p,f,1),a,INDEX(f,1,i),b,INDEX(f,1,i+1),c,INDEX(s,1,i),d,INDEX(s,1,i+1),ROUND(c+(p-a)/(b-a)*(d-c)))))),$H35+1)","=MAX(LET(p,Tuning!$C$9,f,Distributions!$B$1:$Q$1,s,INDEX(Distributions!$B$2:$Q$89,MATCH($A35,Distributions!$A$2:$A$89,0),0),IF(p<=INDEX(f,1,1),INDEX(s,1,1),IF(p>=INDEX(f,1,16),INDEX(s,1,16),LET(i,MATCH(p,f,1),a,INDEX(f,1,i),b,INDEX(f,1,i+1),c,INDEX(s,1,i),d,INDEX(s,1,i+1),ROUND(c+(p-a)/(b-a)*(d-c)))))),$I35+1)"
VT Smoothbot Advanced,Tracking,Smoothbot,Advanced,9-12,39387,"=LET(p,Tuning!$C$10,f,Distributions!$B$1:$Q$1,s,INDEX(Distributions!$B$2:$Q$89,MATCH($A36,Distributions!$A$2:$A$89,0),0),IF(p<=INDEX(f,1,1),INDEX(s,1,1),IF(p>=INDEX(f,1,16),INDEX(s,1,16),LET(i,MATCH(p,f,1),a,INDEX(f,1,i),b,INDEX(f,1,i+1),c,INDEX(s,1,i),d,INDEX(s,1,i+1),ROUND(c+(p-a)/(b-a)*(d-c))))))","=MAX(LET(p,Tuning!$C$11,f,Distributions!$B$1:$Q$1,s,INDEX(Distributions!$B$2:$Q$89,MATCH($A36,Distributions!$A$2:$A$89,0),0),IF(p<=INDEX(f,1,1),INDEX(s,1,1),IF(p>=INDEX(f,1,16),INDEX(s,1,16),LET(i,MATCH(p,f,1),a,INDEX(f,1,i),b,INDEX(f,1,i+1),c,INDEX(s,1,i),d,INDEX(s,1,i+1),ROUND(c+(p-a)/(b-a)*(d-c)))))),$G36+1)","=MAX(LET(p,Tuning!$C$12,f,Distributions!$B$1:$Q$1,s,INDEX(Distributions!$B$2:$Q$89,MATCH($A36,Distributions!$A$2:$A$89,0),0),IF(p<=INDEX(f,1,1),INDEX(s,1,1),IF(p>=INDEX(f,1,16),INDEX(s,1,16),LET(i,MATCH(p,f,1),a,INDEX(f,1,i),b,INDEX(f,1,i+1),c,INDEX(s,1,i),d,INDEX(s,1,i+1),ROUND(c+(p-a)/(b-a)*(d-c)))))),$H36+1)","=MAX(LET(p,Tuning!$C$13,f,Distributions!$B$1:$Q$1,s,INDEX(Distributions!$B$2:$Q$89,MATCH($A36,Distributions!$A$2:$A$89,0),0),IF(p<=INDEX(f,1,1),INDEX(s,1,1),IF(p>=INDEX(f,1,16),INDEX(s,1,16),LET(i,MATCH(p,f,1),a,INDEX(f,1,i),b,INDEX(f,1,i+1),c,INDEX(s,1,i),d,INDEX(s,1,i+1),ROUND(c+(p-a)/(b-a)*(d-c)))))),$I36+1)"
Smoothbot Pauer,Tracking,Smoothbot,Expert,13-16,22983,"=LET(p,Tuning!$C$14,f,Distributions!$B$1:$Q$1,s,INDEX(Distributions!$B$2:$Q$89,MATCH($A37,Distributions!$A$2:$A$89,0),0),IF(p<=INDEX(f,1,1),INDEX(s,1,1),IF(p>=INDEX(f,1,16),INDEX(s,1,16),LET(i,MATCH(p,f,1),a,INDEX(f,1,i),b,INDEX(f,1,i+1),c,INDEX(s,1,i),d,INDEX(s,1,i+1),ROUND(c+(p-a)/(b-a)*(d-c))))))","=MAX(LET(p,Tuning!$C$15,f,Distributions!$B$1:$Q$1,s,INDEX(Distributions!$B$2:$Q$89,MATCH($A37,Distributions!$A$2:$A$89,0),0),IF(p<=INDEX(f,1,1),INDEX(s,1,1),IF(p>=INDEX(f,1,16),INDEX(s,1,16),LET(i,MATCH(p,f,1),a,INDEX(f,1,i),b,INDEX(f,1,i+1),c,INDEX(s,1,i),d,INDEX(s,1,i+1),ROUND(c+(p-a)/(b-a)*(d-c)))))),$G37+1)","=MAX(LET(p,Tuning!$C$16,f,Distributions!$B$1:$Q$1,s,INDEX(Distributions!$B$2:$Q$89,MATCH($A37,Distributions!$A$2:$A$89,0),0),IF(p<=INDEX(f,1,1),INDEX(s,1,1),IF(p>=INDEX(f,1,16),INDEX(s,1,16),LET(i,MATCH(p,f,1),a,INDEX(f,1,i),b,INDEX(f,1,i+1),c,INDEX(s,1,i),d,INDEX(s,1,i+1),ROUND(c+(p-a)/(b-a)*(d-c)))))),$H37+1)","=MAX(LET(p,Tuning!$C$17,f,Distributions!$B$1:$Q$1,s,INDEX(Distributions!$B$2:$Q$89,MATCH($A37,Distributions!$A$2:$A$89,0),0),IF(p<=INDEX(f,1,1),INDEX(s,1,1),IF(p>=INDEX(f,1,16),INDEX(s,1,16),LET(i,MATCH(p,f,1),a,INDEX(f,1,i),b,INDEX(f,1,i+1),c,INDEX(s,1,i),d,INDEX(s,1,i+1),ROUND(c+(p-a)/(b-a)*(d-c)))))),$I37+1)"
VT Snake Track Novice S5,Tracking,waldoTS,Novice,1-4,93836,"=LET(p,Tuning!$C$2,f,Distributions!$B$1:$Q$1,s,INDEX(Distributions!$B$2:$Q$89,MATCH($A38,Distributions!$A$2:$A$89,0),0),IF(p<=INDEX(f,1,1),INDEX(s,1,1),IF(p>=INDEX(f,1,16),INDEX(s,1,16),LET(i,MATCH(p,f,1),a,INDEX(f,1,i),b,INDEX(f,1,i+1),c,INDEX(s,1,i),d,INDEX(s,1,i+1),ROUND(c+(p-a)/(b-a)*(d-c))))))","=MAX(LET(p,Tuning!$C$3,f,Distributions!$B$1:$Q$1,s,INDEX(Distributions!$B$2:$Q$89,MATCH($A38,Distributions!$A$2:$A$89,0),0),IF(p<=INDEX(f,1,1),INDEX(s,1,1),IF(p>=INDEX(f,1,16),INDEX(s,1,16),LET(i,MATCH(p,f,1),a,INDEX(f,1,i),b,INDEX(f,1,i+1),c,INDEX(s,1,i),d,INDEX(s,1,i+1),ROUND(c+(p-a)/(b-a)*(d-c)))))),$G38+1)","=MAX(LET(p,Tuning!$C$4,f,Distributions!$B$1:$Q$1,s,INDEX(Distributions!$B$2:$Q$89,MATCH($A38,Distributions!$A$2:$A$89,0),0),IF(p<=INDEX(f,1,1),INDEX(s,1,1),IF(p>=INDEX(f,1,16),INDEX(s,1,16),LET(i,MATCH(p,f,1),a,INDEX(f,1,i),b,INDEX(f,1,i+1),c,INDEX(s,1,i),d,INDEX(s,1,i+1),ROUND(c+(p-a)/(b-a)*(d-c)))))),$H38+1)","=MAX(LET(p,Tuning!$C$5,f,Distributions!$B$1:$Q$1,s,INDEX(Distributions!$B$2:$Q$89,MATCH($A38,Distributions!$A$2:$A$89,0),0),IF(p<=INDEX(f,1,1),INDEX(s,1,1),IF(p>=INDEX(f,1,16),INDEX(s,1,16),LET(i,MATCH(p,f,1),a,INDEX(f,1,i),b,INDEX(f,1,i+1),c,INDEX(s,1,i),d,INDEX(s,1,i+1),ROUND(c+(p-a)/(b-a)*(d-c)))))),$I38+1)"
waldoTS Novice,Tracking,waldoTS,Intermediate,5-8,71439,"=LET(p,Tuning!$C$6,f,Distributions!$B$1:$Q$1,s,INDEX(Distributions!$B$2:$Q$89,MATCH($A39,Distributions!$A$2:$A$89,0),0),IF(p<=INDEX(f,1,1),INDEX(s,1,1),IF(p>=INDEX(f,1,16),INDEX(s,1,16),LET(i,MATCH(p,f,1),a,INDEX(f,1,i),b,INDEX(f,1,i+1),c,INDEX(s,1,i),d,INDEX(s,1,i+1),ROUND(c+(p-a)/(b-a)*(d-c))))))","=MAX(LET(p,Tuning!$C$7,f,Distributions!$B$1:$Q$1,s,INDEX(Distributions!$B$2:$Q$89,MATCH($A39,Distributions!$A$2:$A$89,0),0),IF(p<=INDEX(f,1,1),INDEX(s,1,1),IF(p>=INDEX(f,1,16),INDEX(s,1,16),LET(i,MATCH(p,f,1),a,INDEX(f,1,i),b,INDEX(f,1,i+1),c,INDEX(s,1,i),d,INDEX(s,1,i+1),ROUND(c+(p-a)/(b-a)*(d-c)))))),$G39+1)","=MAX(LET(p,Tuning!$C$8,f,Distributions!$B$1:$Q$1,s,INDEX(Distributions!$B$2:$Q$89,MATCH($A39,Distributions!$A$2:$A$89,0),0),IF(p<=INDEX(f,1,1),INDEX(s,1,1),IF(p>=INDEX(f,1,16),INDEX(s,1,16),LET(i,MATCH(p,f,1),a,INDEX(f,1,i),b,INDEX(f,1,i+1),c,INDEX(s,1,i),d,INDEX(s,1,i+1),ROUND(c+(p-a)/(b-a)*(d-c)))))),$H39+1)","=MAX(LET(p,Tuning!$C$9,f,Distributions!$B$1:$Q$1,s,INDEX(Distributions!$B$2:$Q$89,MATCH($A39,Distributions!$A$2:$A$89,0),0),IF(p<=INDEX(f,1,1),INDEX(s,1,1),IF(p>=INDEX(f,1,16),INDEX(s,1,16),LET(i,MATCH(p,f,1),a,INDEX(f,1,i),b,INDEX(f,1,i+1),c,INDEX(s,1,i),d,INDEX(s,1,i+1),ROUND(c+(p-a)/(b-a)*(d-c)))))),$I39+1)"
waldoTS Intermediate,Tracking,waldoTS,Advanced,9-12,40339,"=LET(p,Tuning!$C$10,f,Distributions!$B$1:$Q$1,s,INDEX(Distributions!$B$2:$Q$89,MATCH($A40,Distributions!$A$2:$A$89,0),0),IF(p<=INDEX(f,1,1),INDEX(s,1,1),IF(p>=INDEX(f,1,16),INDEX(s,1,16),LET(i,MATCH(p,f,1),a,INDEX(f,1,i),b,INDEX(f,1,i+1),c,INDEX(s,1,i),d,INDEX(s,1,i+1),ROUND(c+(p-a)/(b-a)*(d-c))))))","=MAX(LET(p,Tuning!$C$11,f,Distributions!$B$1:$Q$1,s,INDEX(Distributions!$B$2:$Q$89,MATCH($A40,Distributions!$A$2:$A$89,0),0),IF(p<=INDEX(f,1,1),INDEX(s,1,1),IF(p>=INDEX(f,1,16),INDEX(s,1,16),LET(i,MATCH(p,f,1),a,INDEX(f,1,i),b,INDEX(f,1,i+1),c,INDEX(s,1,i),d,INDEX(s,1,i+1),ROUND(c+(p-a)/(b-a)*(d-c)))))),$G40+1)","=MAX(LET(p,Tuning!$C$12,f,Distributions!$B$1:$Q$1,s,INDEX(Distributions!$B$2:$Q$89,MATCH($A40,Distributions!$A$2:$A$89,0),0),IF(p<=INDEX(f,1,1),INDEX(s,1,1),IF(p>=INDEX(f,1,16),INDEX(s,1,16),LET(i,MATCH(p,f,1),a,INDEX(f,1,i),b,INDEX(f,1,i+1),c,INDEX(s,1,i),d,INDEX(s,1,i+1),ROUND(c+(p-a)/(b-a)*(d-c)))))),$H40+1)","=MAX(LET(p,Tuning!$C$13,f,Distributions!$B$1:$Q$1,s,INDEX(Distributions!$B$2:$Q$89,MATCH($A40,Distributions!$A$2:$A$89,0),0),IF(p<=INDEX(f,1,1),INDEX(s,1,1),IF(p>=INDEX(f,1,16),INDEX(s,1,16),LET(i,MATCH(p,f,1),a,INDEX(f,1,i),b,INDEX(f,1,i+1),c,INDEX(s,1,i),d,INDEX(s,1,i+1),ROUND(c+(p-a)/(b-a)*(d-c)))))),$I40+1)"
waldoTS,Tracking,waldoTS,Expert,13-16,119350,"=LET(p,Tuning!$C$14,f,Distributions!$B$1:$Q$1,s,INDEX(Distributions!$B$2:$Q$89,MATCH($A41,Distributions!$A$2:$A$89,0),0),IF(p<=INDEX(f,1,1),INDEX(s,1,1),IF(p>=INDEX(f,1,16),INDEX(s,1,16),LET(i,MATCH(p,f,1),a,INDEX(f,1,i),b,INDEX(f,1,i+1),c,INDEX(s,1,i),d,INDEX(s,1,i+1),ROUND(c+(p-a)/(b-a)*(d-c))))))","=MAX(LET(p,Tuning!$C$15,f,Distributions!$B$1:$Q$1,s,INDEX(Distributions!$B$2:$Q$89,MATCH($A41,Distributions!$A$2:$A$89,0),0),IF(p<=INDEX(f,1,1),INDEX(s,1,1),IF(p>=INDEX(f,1,16),INDEX(s,1,16),LET(i,MATCH(p,f,1),a,INDEX(f,1,i),b,INDEX(f,1,i+1),c,INDEX(s,1,i),d,INDEX(s,1,i+1),ROUND(c+(p-a)/(b-a)*(d-c)))))),$G41+1)","=MAX(LET(p,Tuning!$C$16,f,Distributions!$B$1:$Q$1,s,INDEX(Distributions!$B$2:$Q$89,MATCH($A41,Distributions!$A$2:$A$89,0),0),IF(p<=INDEX(f,1,1),INDEX(s,1,1),IF(p>=INDEX(f,1,16),INDEX(s,1,16),LET(i,MATCH(p,f,1),a,INDEX(f,1,i),b,INDEX(f,1,i+1),c,INDEX(s,1,i),d,INDEX(s,1,i+1),ROUND(c+(p-a)/(b-a)*(d-c)))))),$H41+1)","=MAX(LET(p,Tuning!$C$17,f,Distributions!$B$1:$Q$1,s,INDEX(Distributions!$B$2:$Q$89,MATCH($A41,Distributions!$A$2:$A$89,0),0),IF(p<=INDEX(f,1,1),INDEX(s,1,1),IF(p>=INDEX(f,1,16),INDEX(s,1,16),LET(i,MATCH(p,f,1),a,INDEX(f,1,i),b,INDEX(f,1,i+1),c,INDEX(s,1,i),d,INDEX(s,1,i+1),ROUND(c+(p-a)/(b-a)*(d-c)))))),$I41+1)"
VT Ground Novice S5,Tracking,Ground Plaza,Novice,1-4,93615,"=LET(p,Tuning!$C$2,f,Distributions!$B$1:$Q$1,s,INDEX(Distributions!$B$2:$Q$89,MATCH($A42,Distributions!$A$2:$A$89,0),0),IF(p<=INDEX(f,1,1),INDEX(s,1,1),IF(p>=INDEX(f,1,16),INDEX(s,1,16),LET(i,MATCH(p,f,1),a,INDEX(f,1,i),b,INDEX(f,1,i+1),c,INDEX(s,1,i),d,INDEX(s,1,i+1),ROUND(c+(p-a)/(b-a)*(d-c))))))","=MAX(LET(p,Tuning!$C$3,f,Distributions!$B$1:$Q$1,s,INDEX(Distributions!$B$2:$Q$89,MATCH($A42,Distributions!$A$2:$A$89,0),0),IF(p<=INDEX(f,1,1),INDEX(s,1,1),IF(p>=INDEX(f,1,16),INDEX(s,1,16),LET(i,MATCH(p,f,1),a,INDEX(f,1,i),b,INDEX(f,1,i+1),c,INDEX(s,1,i),d,INDEX(s,1,i+1),ROUND(c+(p-a)/(b-a)*(d-c)))))),$G42+1)","=MAX(LET(p,Tuning!$C$4,f,Distributions!$B$1:$Q$1,s,INDEX(Distributions!$B$2:$Q$89,MATCH($A42,Distributions!$A$2:$A$89,0),0),IF(p<=INDEX(f,1,1),INDEX(s,1,1),IF(p>=INDEX(f,1,16),INDEX(s,1,16),LET(i,MATCH(p,f,1),a,INDEX(f,1,i),b,INDEX(f,1,i+1),c,INDEX(s,1,i),d,INDEX(s,1,i+1),ROUND(c+(p-a)/(b-a)*(d-c)))))),$H42+1)","=MAX(LET(p,Tuning!$C$5,f,Distributions!$B$1:$Q$1,s,INDEX(Distributions!$B$2:$Q$89,MATCH($A42,Distributions!$A$2:$A$89,0),0),IF(p<=INDEX(f,1,1),INDEX(s,1,1),IF(p>=INDEX(f,1,16),INDEX(s,1,16),LET(i,MATCH(p,f,1),a,INDEX(f,1,i),b,INDEX(f,1,i+1),c,INDEX(s,1,i),d,INDEX(s,1,i+1),ROUND(c+(p-a)/(b-a)*(d-c)))))),$I42+1)"
Ground Plaza Sparky v3 Easy,Tracking,Ground Plaza,Intermediate,5-8,21417,"=LET(p,Tuning!$C$6,f,Distributions!$B$1:$Q$1,s,INDEX(Distributions!$B$2:$Q$89,MATCH($A43,Distributions!$A$2:$A$89,0),0),IF(p<=INDEX(f,1,1),INDEX(s,1,1),IF(p>=INDEX(f,1,16),INDEX(s,1,16),LET(i,MATCH(p,f,1),a,INDEX(f,1,i),b,INDEX(f,1,i+1),c,INDEX(s,1,i),d,INDEX(s,1,i+1),ROUND(c+(p-a)/(b-a)*(d-c))))))","=MAX(LET(p,Tuning!$C$7,f,Distributions!$B$1:$Q$1,s,INDEX(Distributions!$B$2:$Q$89,MATCH($A43,Distributions!$A$2:$A$89,0),0),IF(p<=INDEX(f,1,1),INDEX(s,1,1),IF(p>=INDEX(f,1,16),INDEX(s,1,16),LET(i,MATCH(p,f,1),a,INDEX(f,1,i),b,INDEX(f,1,i+1),c,INDEX(s,1,i),d,INDEX(s,1,i+1),ROUND(c+(p-a)/(b-a)*(d-c)))))),$G43+1)","=MAX(LET(p,Tuning!$C$8,f,Distributions!$B$1:$Q$1,s,INDEX(Distributions!$B$2:$Q$89,MATCH($A43,Distributions!$A$2:$A$89,0),0),IF(p<=INDEX(f,1,1),INDEX(s,1,1),IF(p>=INDEX(f,1,16),INDEX(s,1,16),LET(i,MATCH(p,f,1),a,INDEX(f,1,i),b,INDEX(f,1,i+1),c,INDEX(s,1,i),d,INDEX(s,1,i+1),ROUND(c+(p-a)/(b-a)*(d-c)))))),$H43+1)","=MAX(LET(p,Tuning!$C$9,f,Distributions!$B$1:$Q$1,s,INDEX(Distributions!$B$2:$Q$89,MATCH($A43,Distributions!$A$2:$A$89,0),0),IF(p<=INDEX(f,1,1),INDEX(s,1,1),IF(p>=INDEX(f,1,16),INDEX(s,1,16),LET(i,MATCH(p,f,1),a,INDEX(f,1,i),b,INDEX(f,1,i+1),c,INDEX(s,1,i),d,INDEX(s,1,i+1),ROUND(c+(p-a)/(b-a)*(d-c)))))),$I43+1)"
VT Ground Intermediate S5,Tracking,Ground Plaza,Advanced,9-12,58297,"=LET(p,Tuning!$C$10,f,Distributions!$B$1:$Q$1,s,INDEX(Distributions!$B$2:$Q$89,MATCH($A44,Distributions!$A$2:$A$89,0),0),IF(p<=INDEX(f,1,1),INDEX(s,1,1),IF(p>=INDEX(f,1,16),INDEX(s,1,16),LET(i,MATCH(p,f,1),a,INDEX(f,1,i),b,INDEX(f,1,i+1),c,INDEX(s,1,i),d,INDEX(s,1,i+1),ROUND(c+(p-a)/(b-a)*(d-c))))))","=MAX(LET(p,Tuning!$C$11,f,Distributions!$B$1:$Q$1,s,INDEX(Distributions!$B$2:$Q$89,MATCH($A44,Distributions!$A$2:$A$89,0),0),IF(p<=INDEX(f,1,1),INDEX(s,1,1),IF(p>=INDEX(f,1,16),INDEX(s,1,16),LET(i,MATCH(p,f,1),a,INDEX(f,1,i),b,INDEX(f,1,i+1),c,INDEX(s,1,i),d,INDEX(s,1,i+1),ROUND(c+(p-a)/(b-a)*(d-c)))))),$G44+1)","=MAX(LET(p,Tuning!$C$12,f,Distributions!$B$1:$Q$1,s,INDEX(Distributions!$B$2:$Q$89,MATCH($A44,Distributions!$A$2:$A$89,0),0),IF(p<=INDEX(f,1,1),INDEX(s,1,1),IF(p>=INDEX(f,1,16),INDEX(s,1,16),LET(i,MATCH(p,f,1),a,INDEX(f,1,i),b,INDEX(f,1,i+1),c,INDEX(s,1,i),d,INDEX(s,1,i+1),ROUND(c+(p-a)/(b-a)*(d-c)))))),$H44+1)","=MAX(LET(p,Tuning!$C$13,f,Distributions!$B$1:$Q$1,s,INDEX(Distributions!$B$2:$Q$89,MATCH($A44,Distributions!$A$2:$A$89,0),0),IF(p<=INDEX(f,1,1),INDEX(s,1,1),IF(p>=INDEX(f,1,16),INDEX(s,1,16),LET(i,MATCH(p,f,1),a,INDEX(f,1,i),b,INDEX(f,1,i+1),c,INDEX(s,1,i),d,INDEX(s,1,i+1),ROUND(c+(p-a)/(b-a)*(d-c)))))),$I44+1)"
Ground Plaza Sparky v3 OW,Tracking,Ground Plaza,Expert,13-16,22349,"=LET(p,Tuning!$C$14,f,Distributions!$B$1:$Q$1,s,INDEX(Distributions!$B$2:$Q$89,MATCH($A45,Distributions!$A$2:$A$89,0),0),IF(p<=INDEX(f,1,1),INDEX(s,1,1),IF(p>=INDEX(f,1,16),INDEX(s,1,16),LET(i,MATCH(p,f,1),a,INDEX(f,1,i),b,INDEX(f,1,i+1),c,INDEX(s,1,i),d,INDEX(s,1,i+1),ROUND(c+(p-a)/(b-a)*(d-c))))))","=MAX(LET(p,Tuning!$C$15,f,Distributions!$B$1:$Q$1,s,INDEX(Distributions!$B$2:$Q$89,MATCH($A45,Distributions!$A$2:$A$89,0),0),IF(p<=INDEX(f,1,1),INDEX(s,1,1),IF(p>=INDEX(f,1,16),INDEX(s,1,16),LET(i,MATCH(p,f,1),a,INDEX(f,1,i),b,INDEX(f,1,i+1),c,INDEX(s,1,i),d,INDEX(s,1,i+1),ROUND(c+(p-a)/(b-a)*(d-c)))))),$G45+1)","=MAX(LET(p,Tuning!$C$16,f,Distributions!$B$1:$Q$1,s,INDEX(Distributions!$B$2:$Q$89,MATCH($A45,Distributions!$A$2:$A$89,0),0),IF(p<=INDEX(f,1,1),INDEX(s,1,1),IF(p>=INDEX(f,1,16),INDEX(s,1,16),LET(i,MATCH(p,f,1),a,INDEX(f,1,i),b,INDEX(f,1,i+1),c,INDEX(s,1,i),d,INDEX(s,1,i+1),ROUND(c+(p-a)/(b-a)*(d-c)))))),$H45+1)","=MAX(LET(p,Tuning!$C$17,f,Distributions!$B$1:$Q$1,s,INDEX(Distributions!$B$2:$Q$89,MATCH($A45,Distributions!$A$2:$A$89,0),0),IF(p<=INDEX(f,1,1),INDEX(s,1,1),IF(p>=INDEX(f,1,16),INDEX(s,1,16),LET(i,MATCH(p,f,1),a,INDEX(f,1,i),b,INDEX(f,1,i+1),c,INDEX(s,1,i),d,INDEX(s,1,i+1),ROUND(c+(p-a)/(b-a)*(d-c)))))),$I45+1)"
VT Aether Novice S5,Tracking,Air CELESTIAL,Novice,1-4,93203,"=LET(p,Tuning!$C$2,f,Distributions!$B$1:$Q$1,s,INDEX(Distributions!$B$2:$Q$89,MATCH($A46,Distributions!$A$2:$A$89,0),0),IF(p<=INDEX(f,1,1),INDEX(s,1,1),IF(p>=INDEX(f,1,16),INDEX(s,1,16),LET(i,MATCH(p,f,1),a,INDEX(f,1,i),b,INDEX(f,1,i+1),c,INDEX(s,1,i),d,INDEX(s,1,i+1),ROUND(c+(p-a)/(b-a)*(d-c))))))","=MAX(LET(p,Tuning!$C$3,f,Distributions!$B$1:$Q$1,s,INDEX(Distributions!$B$2:$Q$89,MATCH($A46,Distributions!$A$2:$A$89,0),0),IF(p<=INDEX(f,1,1),INDEX(s,1,1),IF(p>=INDEX(f,1,16),INDEX(s,1,16),LET(i,MATCH(p,f,1),a,INDEX(f,1,i),b,INDEX(f,1,i+1),c,INDEX(s,1,i),d,INDEX(s,1,i+1),ROUND(c+(p-a)/(b-a)*(d-c)))))),$G46+1)","=MAX(LET(p,Tuning!$C$4,f,Distributions!$B$1:$Q$1,s,INDEX(Distributions!$B$2:$Q$89,MATCH($A46,Distributions!$A$2:$A$89,0),0),IF(p<=INDEX(f,1,1),INDEX(s,1,1),IF(p>=INDEX(f,1,16),INDEX(s,1,16),LET(i,MATCH(p,f,1),a,INDEX(f,1,i),b,INDEX(f,1,i+1),c,INDEX(s,1,i),d,INDEX(s,1,i+1),ROUND(c+(p-a)/(b-a)*(d-c)))))),$H46+1)","=MAX(LET(p,Tuning!$C$5,f,Distributions!$B$1:$Q$1,s,INDEX(Distributions!$B$2:$Q$89,MATCH($A46,Distributions!$A$2:$A$89,0),0),IF(p<=INDEX(f,1,1),INDEX(s,1,1),IF(p>=INDEX(f,1,16),INDEX(s,1,16),LET(i,MATCH(p,f,1),a,INDEX(f,1,i),b,INDEX(f,1,i+1),c,INDEX(s,1,i),d,INDEX(s,1,i+1),ROUND(c+(p-a)/(b-a)*(d-c)))))),$I46+1)"
Air CELESTIAL No UFO Easy Slowed,Tracking,Air CELESTIAL,Intermediate,5-8,58578,"=LET(p,Tuning!$C$6,f,Distributions!$B$1:$Q$1,s,INDEX(Distributions!$B$2:$Q$89,MATCH($A47,Distributions!$A$2:$A$89,0),0),IF(p<=INDEX(f,1,1),INDEX(s,1,1),IF(p>=INDEX(f,1,16),INDEX(s,1,16),LET(i,MATCH(p,f,1),a,INDEX(f,1,i),b,INDEX(f,1,i+1),c,INDEX(s,1,i),d,INDEX(s,1,i+1),ROUND(c+(p-a)/(b-a)*(d-c))))))","=MAX(LET(p,Tuning!$C$7,f,Distributions!$B$1:$Q$1,s,INDEX(Distributions!$B$2:$Q$89,MATCH($A47,Distributions!$A$2:$A$89,0),0),IF(p<=INDEX(f,1,1),INDEX(s,1,1),IF(p>=INDEX(f,1,16),INDEX(s,1,16),LET(i,MATCH(p,f,1),a,INDEX(f,1,i),b,INDEX(f,1,i+1),c,INDEX(s,1,i),d,INDEX(s,1,i+1),ROUND(c+(p-a)/(b-a)*(d-c)))))),$G47+1)","=MAX(LET(p,Tuning!$C$8,f,Distributions!$B$1:$Q$1,s,INDEX(Distributions!$B$2:$Q$89,MATCH($A47,Distributions!$A$2:$A$89,0),0),IF(p<=INDEX(f,1,1),INDEX(s,1,1),IF(p>=INDEX(f,1,16),INDEX(s,1,16),LET(i,MATCH(p,f,1),a,INDEX(f,1,i),b,INDEX(f,1,i+1),c,INDEX(s,1,i),d,INDEX(s,1,i+1),ROUND(c+(p-a)/(b-a)*(d-c)))))),$H47+1)","=MAX(LET(p,Tuning!$C$9,f,Distributions!$B$1:$Q$1,s,INDEX(Distributions!$B$2:$Q$89,MATCH($A47,Distributions!$A$2:$A$89,0),0),IF(p<=INDEX(f,1,1),INDEX(s,1,1),IF(p>=INDEX(f,1,16),INDEX(s,1,16),LET(i,MATCH(p,f,1),a,INDEX(f,1,i),b,INDEX(f,1,i+1),c,INDEX(s,1,i),d,INDEX(s,1,i+1),ROUND(c+(p-a)/(b-a)*(d-c)))))),$I47+1)"
Air CELESTIAL No UFO Easy,Tracking,Air CELESTIAL,Advanced,9-12,29538,"=LET(p,Tuning!$C$10,f,Distributions!$B$1:$Q$1,s,INDEX(Distributions!$B$2:$Q$89,MATCH($A48,Distributions!$A$2:$A$89,0),0),IF(p<=INDEX(f,1,1),INDEX(s,1,1),IF(p>=INDEX(f,1,16),INDEX(s,1,16),LET(i,MATCH(p,f,1),a,INDEX(f,1,i),b,INDEX(f,1,i+1),c,INDEX(s,1,i),d,INDEX(s,1,i+1),ROUND(c+(p-a)/(b-a)*(d-c))))))","=MAX(LET(p,Tuning!$C$11,f,Distributions!$B$1:$Q$1,s,INDEX(Distributions!$B$2:$Q$89,MATCH($A48,Distributions!$A$2:$A$89,0),0),IF(p<=INDEX(f,1,1),INDEX(s,1,1),IF(p>=INDEX(f,1,16),INDEX(s,1,16),LET(i,MATCH(p,f,1),a,INDEX(f,1,i),b,INDEX(f,1,i+1),c,INDEX(s,1,i),d,INDEX(s,1,i+1),ROUND(c+(p-a)/(b-a)*(d-c)))))),$G48+1)","=MAX(LET(p,Tuning!$C$12,f,Distributions!$B$1:$Q$1,s,INDEX(Distributions!$B$2:$Q$89,MATCH($A48,Distributions!$A$2:$A$89,0),0),IF(p<=INDEX(f,1,1),INDEX(s,1,1),IF(p>=INDEX(f,1,16),INDEX(s,1,16),LET(i,MATCH(p,f,1),a,INDEX(f,1,i),b,INDEX(f,1,i+1),c,INDEX(s,1,i),d,INDEX(s,1,i+1),ROUND(c+(p-a)/(b-a)*(d-c)))))),$H48+1)","=MAX(LET(p,Tuning!$C$13,f,Distributions!$B$1:$Q$1,s,INDEX(Distributions!$B$2:$Q$89,MATCH($A48,Distributions!$A$2:$A$89,0),0),IF(p<=INDEX(f,1,1),INDEX(s,1,1),IF(p>=INDEX(f,1,16),INDEX(s,1,16),LET(i,MATCH(p,f,1),a,INDEX(f,1,i),b,INDEX(f,1,i+1),c,INDEX(s,1,i),d,INDEX(s,1,i+1),ROUND(c+(p-a)/(b-a)*(d-c)))))),$I48+1)"
Air CELESTIAL,Tracking,Air CELESTIAL,Expert,13-16,12040,"=LET(p,Tuning!$C$14,f,Distributions!$B$1:$Q$1,s,INDEX(Distributions!$B$2:$Q$89,MATCH($A49,Distributions!$A$2:$A$89,0),0),IF(p<=INDEX(f,1,1),INDEX(s,1,1),IF(p>=INDEX(f,1,16),INDEX(s,1,16),LET(i,MATCH(p,f,1),a,INDEX(f,1,i),b,INDEX(f,1,i+1),c,INDEX(s,1,i),d,INDEX(s,1,i+1),ROUND(c+(p-a)/(b-a)*(d-c))))))","=MAX(LET(p,Tuning!$C$15,f,Distributions!$B$1:$Q$1,s,INDEX(Distributions!$B$2:$Q$89,MATCH($A49,Distributions!$A$2:$A$89,0),0),IF(p<=INDEX(f,1,1),INDEX(s,1,1),IF(p>=INDEX(f,1,16),INDEX(s,1,16),LET(i,MATCH(p,f,1),a,INDEX(f,1,i),b,INDEX(f,1,i+1),c,INDEX(s,1,i),d,INDEX(s,1,i+1),ROUND(c+(p-a)/(b-a)*(d-c)))))),$G49+1)","=MAX(LET(p,Tuning!$C$16,f,Distributions!$B$1:$Q$1,s,INDEX(Distributions!$B$2:$Q$89,MATCH($A49,Distributions!$A$2:$A$89,0),0),IF(p<=INDEX(f,1,1),INDEX(s,1,1),IF(p>=INDEX(f,1,16),INDEX(s,1,16),LET(i,MATCH(p,f,1),a,INDEX(f,1,i),b,INDEX(f,1,i+1),c,INDEX(s,1,i),d,INDEX(s,1,i+1),ROUND(c+(p-a)/(b-a)*(d-c)))))),$H49+1)","=MAX(LET(p,Tuning!$C$17,f,Distributions!$B$1:$Q$1,s,INDEX(Distributions!$B$2:$Q$89,MATCH($A49,Distributions!$A$2:$A$89,0),0),IF(p<=INDEX(f,1,1),INDEX(s,1,1),IF(p>=INDEX(f,1,16),INDEX(s,1,16),LET(i,MATCH(p,f,1),a,INDEX(f,1,i),b,INDEX(f,1,i+1),c,INDEX(s,1,i),d,INDEX(s,1,i+1),ROUND(c+(p-a)/(b-a)*(d-c)))))),$I49+1)"
VT Controlsphere Novice S5,Tracking,Controlsphere,Novice,1-4,91550,"=LET(p,Tuning!$C$2,f,Distributions!$B$1:$Q$1,s,INDEX(Distributions!$B$2:$Q$89,MATCH($A50,Distributions!$A$2:$A$89,0),0),IF(p<=INDEX(f,1,1),INDEX(s,1,1),IF(p>=INDEX(f,1,16),INDEX(s,1,16),LET(i,MATCH(p,f,1),a,INDEX(f,1,i),b,INDEX(f,1,i+1),c,INDEX(s,1,i),d,INDEX(s,1,i+1),ROUND(c+(p-a)/(b-a)*(d-c))))))","=MAX(LET(p,Tuning!$C$3,f,Distributions!$B$1:$Q$1,s,INDEX(Distributions!$B$2:$Q$89,MATCH($A50,Distributions!$A$2:$A$89,0),0),IF(p<=INDEX(f,1,1),INDEX(s,1,1),IF(p>=INDEX(f,1,16),INDEX(s,1,16),LET(i,MATCH(p,f,1),a,INDEX(f,1,i),b,INDEX(f,1,i+1),c,INDEX(s,1,i),d,INDEX(s,1,i+1),ROUND(c+(p-a)/(b-a)*(d-c)))))),$G50+1)","=MAX(LET(p,Tuning!$C$4,f,Distributions!$B$1:$Q$1,s,INDEX(Distributions!$B$2:$Q$89,MATCH($A50,Distributions!$A$2:$A$89,0),0),IF(p<=INDEX(f,1,1),INDEX(s,1,1),IF(p>=INDEX(f,1,16),INDEX(s,1,16),LET(i,MATCH(p,f,1),a,INDEX(f,1,i),b,INDEX(f,1,i+1),c,INDEX(s,1,i),d,INDEX(s,1,i+1),ROUND(c+(p-a)/(b-a)*(d-c)))))),$H50+1)","=MAX(LET(p,Tuning!$C$5,f,Distributions!$B$1:$Q$1,s,INDEX(Distributions!$B$2:$Q$89,MATCH($A50,Distributions!$A$2:$A$89,0),0),IF(p<=INDEX(f,1,1),INDEX(s,1,1),IF(p>=INDEX(f,1,16),INDEX(s,1,16),LET(i,MATCH(p,f,1),a,INDEX(f,1,i),b,INDEX(f,1,i+1),c,INDEX(s,1,i),d,INDEX(s,1,i+1),ROUND(c+(p-a)/(b-a)*(d-c)))))),$I50+1)"
VT Controlsphere Intermediate S5,Tracking,Controlsphere,Intermediate,5-8,55846,"=LET(p,Tuning!$C$6,f,Distributions!$B$1:$Q$1,s,INDEX(Distributions!$B$2:$Q$89,MATCH($A51,Distributions!$A$2:$A$89,0),0),IF(p<=INDEX(f,1,1),INDEX(s,1,1),IF(p>=INDEX(f,1,16),INDEX(s,1,16),LET(i,MATCH(p,f,1),a,INDEX(f,1,i),b,INDEX(f,1,i+1),c,INDEX(s,1,i),d,INDEX(s,1,i+1),ROUND(c+(p-a)/(b-a)*(d-c))))))","=MAX(LET(p,Tuning!$C$7,f,Distributions!$B$1:$Q$1,s,INDEX(Distributions!$B$2:$Q$89,MATCH($A51,Distributions!$A$2:$A$89,0),0),IF(p<=INDEX(f,1,1),INDEX(s,1,1),IF(p>=INDEX(f,1,16),INDEX(s,1,16),LET(i,MATCH(p,f,1),a,INDEX(f,1,i),b,INDEX(f,1,i+1),c,INDEX(s,1,i),d,INDEX(s,1,i+1),ROUND(c+(p-a)/(b-a)*(d-c)))))),$G51+1)","=MAX(LET(p,Tuning!$C$8,f,Distributions!$B$1:$Q$1,s,INDEX(Distributions!$B$2:$Q$89,MATCH($A51,Distributions!$A$2:$A$89,0),0),IF(p<=INDEX(f,1,1),INDEX(s,1,1),IF(p>=INDEX(f,1,16),INDEX(s,1,16),LET(i,MATCH(p,f,1),a,INDEX(f,1,i),b,INDEX(f,1,i+1),c,INDEX(s,1,i),d,INDEX(s,1,i+1),ROUND(c+(p-a)/(b-a)*(d-c)))))),$H51+1)","=MAX(LET(p,Tuning!$C$9,f,Distributions!$B$1:$Q$1,s,INDEX(Distributions!$B$2:$Q$89,MATCH($A51,Distributions!$A$2:$A$89,0),0),IF(p<=INDEX(f,1,1),INDEX(s,1,1),IF(p>=INDEX(f,1,16),INDEX(s,1,16),LET(i,MATCH(p,f,1),a,INDEX(f,1,i),b,INDEX(f,1,i+1),c,INDEX(s,1,i),d,INDEX(s,1,i+1),ROUND(c+(p-a)/(b-a)*(d-c)))))),$I51+1)"
Controlsphere,Tracking,Controlsphere,Advanced,9-12,150593,"=LET(p,Tuning!$C$10,f,Distributions!$B$1:$Q$1,s,INDEX(Distributions!$B$2:$Q$89,MATCH($A52,Distributions!$A$2:$A$89,0),0),IF(p<=INDEX(f,1,1),INDEX(s,1,1),IF(p>=INDEX(f,1,16),INDEX(s,1,16),LET(i,MATCH(p,f,1),a,INDEX(f,1,i),b,INDEX(f,1,i+1),c,INDEX(s,1,i),d,INDEX(s,1,i+1),ROUND(c+(p-a)/(b-a)*(d-c))))))","=MAX(LET(p,Tuning!$C$11,f,Distributions!$B$1:$Q$1,s,INDEX(Distributions!$B$2:$Q$89,MATCH($A52,Distributions!$A$2:$A$89,0),0),IF(p<=INDEX(f,1,1),INDEX(s,1,1),IF(p>=INDEX(f,1,16),INDEX(s,1,16),LET(i,MATCH(p,f,1),a,INDEX(f,1,i),b,INDEX(f,1,i+1),c,INDEX(s,1,i),d,INDEX(s,1,i+1),ROUND(c+(p-a)/(b-a)*(d-c)))))),$G52+1)","=MAX(LET(p,Tuning!$C$12,f,Distributions!$B$1:$Q$1,s,INDEX(Distributions!$B$2:$Q$89,MATCH($A52,Distributions!$A$2:$A$89,0),0),IF(p<=INDEX(f,1,1),INDEX(s,1,1),IF(p>=INDEX(f,1,16),INDEX(s,1,16),LET(i,MATCH(p,f,1),a,INDEX(f,1,i),b,INDEX(f,1,i+1),c,INDEX(s,1,i),d,INDEX(s,1,i+1),ROUND(c+(p-a)/(b-a)*(d-c)))))),$H52+1)","=MAX(LET(p,Tuning!$C$13,f,Distributions!$B$1:$Q$1,s,INDEX(Distributions!$B$2:$Q$89,MATCH($A52,Distributions!$A$2:$A$89,0),0),IF(p<=INDEX(f,1,1),INDEX(s,1,1),IF(p>=INDEX(f,1,16),INDEX(s,1,16),LET(i,MATCH(p,f,1),a,INDEX(f,1,i),b,INDEX(f,1,i+1),c,INDEX(s,1,i),d,INDEX(s,1,i+1),ROUND(c+(p-a)/(b-a)*(d-c)))))),$I52+1)"
Controlsphere rAim,Tracking,Controlsphere,Expert,13-16,24774,"=LET(p,Tuning!$C$14,f,Distributions!$B$1:$Q$1,s,INDEX(Distributions!$B$2:$Q$89,MATCH($A53,Distributions!$A$2:$A$89,0),0),IF(p<=INDEX(f,1,1),INDEX(s,1,1),IF(p>=INDEX(f,1,16),INDEX(s,1,16),LET(i,MATCH(p,f,1),a,INDEX(f,1,i),b,INDEX(f,1,i+1),c,INDEX(s,1,i),d,INDEX(s,1,i+1),ROUND(c+(p-a)/(b-a)*(d-c))))))","=MAX(LET(p,Tuning!$C$15,f,Distributions!$B$1:$Q$1,s,INDEX(Distributions!$B$2:$Q$89,MATCH($A53,Distributions!$A$2:$A$89,0),0),IF(p<=INDEX(f,1,1),INDEX(s,1,1),IF(p>=INDEX(f,1,16),INDEX(s,1,16),LET(i,MATCH(p,f,1),a,INDEX(f,1,i),b,INDEX(f,1,i+1),c,INDEX(s,1,i),d,INDEX(s,1,i+1),ROUND(c+(p-a)/(b-a)*(d-c)))))),$G53+1)","=MAX(LET(p,Tuning!$C$16,f,Distributions!$B$1:$Q$1,s,INDEX(Distributions!$B$2:$Q$89,MATCH($A53,Distributions!$A$2:$A$89,0),0),IF(p<=INDEX(f,1,1),INDEX(s,1,1),IF(p>=INDEX(f,1,16),INDEX(s,1,16),LET(i,MATCH(p,f,1),a,INDEX(f,1,i),b,INDEX(f,1,i+1),c,INDEX(s,1,i),d,INDEX(s,1,i+1),ROUND(c+(p-a)/(b-a)*(d-c)))))),$H53+1)","=MAX(LET(p,Tuning!$C$17,f,Distributions!$B$1:$Q$1,s,INDEX(Distributions!$B$2:$Q$89,MATCH($A53,Distributions!$A$2:$A$89,0),0),IF(p<=INDEX(f,1,1),INDEX(s,1,1),IF(p>=INDEX(f,1,16),INDEX(s,1,16),LET(i,MATCH(p,f,1),a,INDEX(f,1,i),b,INDEX(f,1,i+1),c,INDEX(s,1,i),d,INDEX(s,1,i+1),ROUND(c+(p-a)/(b-a)*(d-c)))))),$I53+1)"
VT Raw Control Novice S5,Tracking,Raw Control,Novice,1-4,93878,"=LET(p,Tuning!$C$2,f,Distributions!$B$1:$Q$1,s,INDEX(Distributions!$B$2:$Q$89,MATCH($A54,Distributions!$A$2:$A$89,0),0),IF(p<=INDEX(f,1,1),INDEX(s,1,1),IF(p>=INDEX(f,1,16),INDEX(s,1,16),LET(i,MATCH(p,f,1),a,INDEX(f,1,i),b,INDEX(f,1,i+1),c,INDEX(s,1,i),d,INDEX(s,1,i+1),ROUND(c+(p-a)/(b-a)*(d-c))))))","=MAX(LET(p,Tuning!$C$3,f,Distributions!$B$1:$Q$1,s,INDEX(Distributions!$B$2:$Q$89,MATCH($A54,Distributions!$A$2:$A$89,0),0),IF(p<=INDEX(f,1,1),INDEX(s,1,1),IF(p>=INDEX(f,1,16),INDEX(s,1,16),LET(i,MATCH(p,f,1),a,INDEX(f,1,i),b,INDEX(f,1,i+1),c,INDEX(s,1,i),d,INDEX(s,1,i+1),ROUND(c+(p-a)/(b-a)*(d-c)))))),$G54+1)","=MAX(LET(p,Tuning!$C$4,f,Distributions!$B$1:$Q$1,s,INDEX(Distributions!$B$2:$Q$89,MATCH($A54,Distributions!$A$2:$A$89,0),0),IF(p<=INDEX(f,1,1),INDEX(s,1,1),IF(p>=INDEX(f,1,16),INDEX(s,1,16),LET(i,MATCH(p,f,1),a,INDEX(f,1,i),b,INDEX(f,1,i+1),c,INDEX(s,1,i),d,INDEX(s,1,i+1),ROUND(c+(p-a)/(b-a)*(d-c)))))),$H54+1)","=MAX(LET(p,Tuning!$C$5,f,Distributions!$B$1:$Q$1,s,INDEX(Distributions!$B$2:$Q$89,MATCH($A54,Distributions!$A$2:$A$89,0),0),IF(p<=INDEX(f,1,1),INDEX(s,1,1),IF(p>=INDEX(f,1,16),INDEX(s,1,16),LET(i,MATCH(p,f,1),a,INDEX(f,1,i),b,INDEX(f,1,i+1),c,INDEX(s,1,i),d,INDEX(s,1,i+1),ROUND(c+(p-a)/(b-a)*(d-c)))))),$I54+1)"
Whisphere 80%,Tracking,Raw Control,Intermediate,5-8,83496,"=LET(p,Tuning!$C$6,f,Distributions!$B$1:$Q$1,s,INDEX(Distributions!$B$2:$Q$89,MATCH($A55,Distributions!$A$2:$A$89,0),0),IF(p<=INDEX(f,1,1),INDEX(s,1,1),IF(p>=INDEX(f,1,16),INDEX(s,1,16),LET(i,MATCH(p,f,1),a,INDEX(f,1,i),b,INDEX(f,1,i+1),c,INDEX(s,1,i),d,INDEX(s,1,i+1),ROUND(c+(p-a)/(b-a)*(d-c))))))","=MAX(LET(p,Tuning!$C$7,f,Distributions!$B$1:$Q$1,s,INDEX(Distributions!$B$2:$Q$89,MATCH($A55,Distributions!$A$2:$A$89,0),0),IF(p<=INDEX(f,1,1),INDEX(s,1,1),IF(p>=INDEX(f,1,16),INDEX(s,1,16),LET(i,MATCH(p,f,1),a,INDEX(f,1,i),b,INDEX(f,1,i+1),c,INDEX(s,1,i),d,INDEX(s,1,i+1),ROUND(c+(p-a)/(b-a)*(d-c)))))),$G55+1)","=MAX(LET(p,Tuning!$C$8,f,Distributions!$B$1:$Q$1,s,INDEX(Distributions!$B$2:$Q$89,MATCH($A55,Distributions!$A$2:$A$89,0),0),IF(p<=INDEX(f,1,1),INDEX(s,1,1),IF(p>=INDEX(f,1,16),INDEX(s,1,16),LET(i,MATCH(p,f,1),a,INDEX(f,1,i),b,INDEX(f,1,i+1),c,INDEX(s,1,i),d,INDEX(s,1,i+1),ROUND(c+(p-a)/(b-a)*(d-c)))))),$H55+1)","=MAX(LET(p,Tuning!$C$9,f,Distributions!$B$1:$Q$1,s,INDEX(Distributions!$B$2:$Q$89,MATCH($A55,Distributions!$A$2:$A$89,0),0),IF(p<=INDEX(f,1,1),INDEX(s,1,1),IF(p>=INDEX(f,1,16),INDEX(s,1,16),LET(i,MATCH(p,f,1),a,INDEX(f,1,i),b,INDEX(f,1,i+1),c,INDEX(s,1,i),d,INDEX(s,1,i+1),ROUND(c+(p-a)/(b-a)*(d-c)))))),$I55+1)"
Whisphere,Tracking,Raw Control,Advanced,9-12,53727,"=LET(p,Tuning!$C$10,f,Distributions!$B$1:$Q$1,s,INDEX(Distributions!$B$2:$Q$89,MATCH($A56,Distributions!$A$2:$A$89,0),0),IF(p<=INDEX(f,1,1),INDEX(s,1,1),IF(p>=INDEX(f,1,16),INDEX(s,1,16),LET(i,MATCH(p,f,1),a,INDEX(f,1,i),b,INDEX(f,1,i+1),c,INDEX(s,1,i),d,INDEX(s,1,i+1),ROUND(c+(p-a)/(b-a)*(d-c))))))","=MAX(LET(p,Tuning!$C$11,f,Distributions!$B$1:$Q$1,s,INDEX(Distributions!$B$2:$Q$89,MATCH($A56,Distributions!$A$2:$A$89,0),0),IF(p<=INDEX(f,1,1),INDEX(s,1,1),IF(p>=INDEX(f,1,16),INDEX(s,1,16),LET(i,MATCH(p,f,1),a,INDEX(f,1,i),b,INDEX(f,1,i+1),c,INDEX(s,1,i),d,INDEX(s,1,i+1),ROUND(c+(p-a)/(b-a)*(d-c)))))),$G56+1)","=MAX(LET(p,Tuning!$C$12,f,Distributions!$B$1:$Q$1,s,INDEX(Distributions!$B$2:$Q$89,MATCH($A56,Distributions!$A$2:$A$89,0),0),IF(p<=INDEX(f,1,1),INDEX(s,1,1),IF(p>=INDEX(f,1,16),INDEX(s,1,16),LET(i,MATCH(p,f,1),a,INDEX(f,1,i),b,INDEX(f,1,i+1),c,INDEX(s,1,i),d,INDEX(s,1,i+1),ROUND(c+(p-a)/(b-a)*(d-c)))))),$H56+1)","=MAX(LET(p,Tuning!$C$13,f,Distributions!$B$1:$Q$1,s,INDEX(Distributions!$B$2:$Q$89,MATCH($A56,Distributions!$A$2:$A$89,0),0),IF(p<=INDEX(f,1,1),INDEX(s,1,1),IF(p>=INDEX(f,1,16),INDEX(s,1,16),LET(i,MATCH(p,f,1),a,INDEX(f,1,i),b,INDEX(f,1,i+1),c,INDEX(s,1,i),d,INDEX(s,1,i+1),ROUND(c+(p-a)/(b-a)*(d-c)))))),$I56+1)"
VT Raw Control Intermediate S5 Hard,Tracking,Raw Control,Expert,13-16,9878,"=LET(p,Tuning!$C$14,f,Distributions!$B$1:$Q$1,s,INDEX(Distributions!$B$2:$Q$89,MATCH($A57,Distributions!$A$2:$A$89,0),0),IF(p<=INDEX(f,1,1),INDEX(s,1,1),IF(p>=INDEX(f,1,16),INDEX(s,1,16),LET(i,MATCH(p,f,1),a,INDEX(f,1,i),b,INDEX(f,1,i+1),c,INDEX(s,1,i),d,INDEX(s,1,i+1),ROUND(c+(p-a)/(b-a)*(d-c))))))","=MAX(LET(p,Tuning!$C$15,f,Distributions!$B$1:$Q$1,s,INDEX(Distributions!$B$2:$Q$89,MATCH($A57,Distributions!$A$2:$A$89,0),0),IF(p<=INDEX(f,1,1),INDEX(s,1,1),IF(p>=INDEX(f,1,16),INDEX(s,1,16),LET(i,MATCH(p,f,1),a,INDEX(f,1,i),b,INDEX(f,1,i+1),c,INDEX(s,1,i),d,INDEX(s,1,i+1),ROUND(c+(p-a)/(b-a)*(d-c)))))),$G57+1)","=MAX(LET(p,Tuning!$C$16,f,Distributions!$B$1:$Q$1,s,INDEX(Distributions!$B$2:$Q$89,MATCH($A57,Distributions!$A$2:$A$89,0),0),IF(p<=INDEX(f,1,1),INDEX(s,1,1),IF(p>=INDEX(f,1,16),INDEX(s,1,16),LET(i,MATCH(p,f,1),a,INDEX(f,1,i),b,INDEX(f,1,i+1),c,INDEX(s,1,i),d,INDEX(s,1,i+1),ROUND(c+(p-a)/(b-a)*(d-c)))))),$H57+1)","=MAX(LET(p,Tuning!$C$17,f,Distributions!$B$1:$Q$1,s,INDEX(Distributions!$B$2:$Q$89,MATCH($A57,Distributions!$A$2:$A$89,0),0),IF(p<=INDEX(f,1,1),INDEX(s,1,1),IF(p>=INDEX(f,1,16),INDEX(s,1,16),LET(i,MATCH(p,f,1),a,INDEX(f,1,i),b,INDEX(f,1,i+1),c,INDEX(s,1,i),d,INDEX(s,1,i+1),ROUND(c+(p-a)/(b-a)*(d-c)))))),$I57+1)"
VT Aether Novice S5 Bot 2,Tracking,Air Voltaic,Novice,1-4,5171,"=LET(p,Tuning!$C$2,f,Distributions!$B$1:$Q$1,s,INDEX(Distributions!$B$2:$Q$89,MATCH($A58,Distributions!$A$2:$A$89,0),0),IF(p<=INDEX(f,1,1),INDEX(s,1,1),IF(p>=INDEX(f,1,16),INDEX(s,1,16),LET(i,MATCH(p,f,1),a,INDEX(f,1,i),b,INDEX(f,1,i+1),c,INDEX(s,1,i),d,INDEX(s,1,i+1),ROUND(c+(p-a)/(b-a)*(d-c))))))","=MAX(LET(p,Tuning!$C$3,f,Distributions!$B$1:$Q$1,s,INDEX(Distributions!$B$2:$Q$89,MATCH($A58,Distributions!$A$2:$A$89,0),0),IF(p<=INDEX(f,1,1),INDEX(s,1,1),IF(p>=INDEX(f,1,16),INDEX(s,1,16),LET(i,MATCH(p,f,1),a,INDEX(f,1,i),b,INDEX(f,1,i+1),c,INDEX(s,1,i),d,INDEX(s,1,i+1),ROUND(c+(p-a)/(b-a)*(d-c)))))),$G58+1)","=MAX(LET(p,Tuning!$C$4,f,Distributions!$B$1:$Q$1,s,INDEX(Distributions!$B$2:$Q$89,MATCH($A58,Distributions!$A$2:$A$89,0),0),IF(p<=INDEX(f,1,1),INDEX(s,1,1),IF(p>=INDEX(f,1,16),INDEX(s,1,16),LET(i,MATCH(p,f,1),a,INDEX(f,1,i),b,INDEX(f,1,i+1),c,INDEX(s,1,i),d,INDEX(s,1,i+1),ROUND(c+(p-a)/(b-a)*(d-c)))))),$H58+1)","=MAX(LET(p,Tuning!$C$5,f,Distributions!$B$1:$Q$1,s,INDEX(Distributions!$B$2:$Q$89,MATCH($A58,Distributions!$A$2:$A$89,0),0),IF(p<=INDEX(f,1,1),INDEX(s,1,1),IF(p>=INDEX(f,1,16),INDEX(s,1,16),LET(i,MATCH(p,f,1),a,INDEX(f,1,i),b,INDEX(f,1,i+1),c,INDEX(s,1,i),d,INDEX(s,1,i+1),ROUND(c+(p-a)/(b-a)*(d-c)))))),$I58+1)"
Air Voltaic Easy Invincible 4 80%,Tracking,Air Voltaic,Intermediate,5-8,56889,"=LET(p,Tuning!$C$6,f,Distributions!$B$1:$Q$1,s,INDEX(Distributions!$B$2:$Q$89,MATCH($A59,Distributions!$A$2:$A$89,0),0),IF(p<=INDEX(f,1,1),INDEX(s,1,1),IF(p>=INDEX(f,1,16),INDEX(s,1,16),LET(i,MATCH(p,f,1),a,INDEX(f,1,i),b,INDEX(f,1,i+1),c,INDEX(s,1,i),d,INDEX(s,1,i+1),ROUND(c+(p-a)/(b-a)*(d-c))))))","=MAX(LET(p,Tuning!$C$7,f,Distributions!$B$1:$Q$1,s,INDEX(Distributions!$B$2:$Q$89,MATCH($A59,Distributions!$A$2:$A$89,0),0),IF(p<=INDEX(f,1,1),INDEX(s,1,1),IF(p>=INDEX(f,1,16),INDEX(s,1,16),LET(i,MATCH(p,f,1),a,INDEX(f,1,i),b,INDEX(f,1,i+1),c,INDEX(s,1,i),d,INDEX(s,1,i+1),ROUND(c+(p-a)/(b-a)*(d-c)))))),$G59+1)","=MAX(LET(p,Tuning!$C$8,f,Distributions!$B$1:$Q$1,s,INDEX(Distributions!$B$2:$Q$89,MATCH($A59,Distributions!$A$2:$A$89,0),0),IF(p<=INDEX(f,1,1),INDEX(s,1,1),IF(p>=INDEX(f,1,16),INDEX(s,1,16),LET(i,MATCH(p,f,1),a,INDEX(f,1,i),b,INDEX(f,1,i+1),c,INDEX(s,1,i),d,INDEX(s,1,i+1),ROUND(c+(p-a)/(b-a)*(d-c)))))),$H59+1)","=MAX(LET(p,Tuning!$C$9,f,Distributions!$B$1:$Q$1,s,INDEX(Distributions!$B$2:$Q$89,MATCH($A59,Distributions!$A$2:$A$89,0),0),IF(p<=INDEX(f,1,1),INDEX(s,1,1),IF(p>=INDEX(f,1,16),INDEX(s,1,16),LET(i,MATCH(p,f,1),a,INDEX(f,1,i),b,INDEX(f,1,i+1),c,INDEX(s,1,i),d,INDEX(s,1,i+1),ROUND(c+(p-a)/(b-a)*(d-c)))))),$I59+1)"
Air Voltaic Easy,Tracking,Air Voltaic,Advanced,9-12,76638,"=LET(p,Tuning!$C$10,f,Distributions!$B$1:$Q$1,s,INDEX(Distributions!$B$2:$Q$89,MATCH($A60,Distributions!$A$2:$A$89,0),0),IF(p<=INDEX(f,1,1),INDEX(s,1,1),IF(p>=INDEX(f,1,16),INDEX(s,1,16),LET(i,MATCH(p,f,1),a,INDEX(f,1,i),b,INDEX(f,1,i+1),c,INDEX(s,1,i),d,INDEX(s,1,i+1),ROUND(c+(p-a)/(b-a)*(d-c))))))","=MAX(LET(p,Tuning!$C$11,f,Distributions!$B$1:$Q$1,s,INDEX(Distributions!$B$2:$Q$89,MATCH($A60,Distributions!$A$2:$A$89,0),0),IF(p<=INDEX(f,1,1),INDEX(s,1,1),IF(p>=INDEX(f,1,16),INDEX(s,1,16),LET(i,MATCH(p,f,1),a,INDEX(f,1,i),b,INDEX(f,1,i+1),c,INDEX(s,1,i),d,INDEX(s,1,i+1),ROUND(c+(p-a)/(b-a)*(d-c)))))),$G60+1)","=MAX(LET(p,Tuning!$C$12,f,Distributions!$B$1:$Q$1,s,INDEX(Distributions!$B$2:$Q$89,MATCH($A60,Distributions!$A$2:$A$89,0),0),IF(p<=INDEX(f,1,1),INDEX(s,1,1),IF(p>=INDEX(f,1,16),INDEX(s,1,16),LET(i,MATCH(p,f,1),a,INDEX(f,1,i),b,INDEX(f,1,i+1),c,INDEX(s,1,i),d,INDEX(s,1,i+1),ROUND(c+(p-a)/(b-a)*(d-c)))))),$H60+1)","=MAX(LET(p,Tuning!$C$13,f,Distributions!$B$1:$Q$1,s,INDEX(Distributions!$B$2:$Q$89,MATCH($A60,Distributions!$A$2:$A$89,0),0),IF(p<=INDEX(f,1,1),INDEX(s,1,1),IF(p>=INDEX(f,1,16),INDEX(s,1,16),LET(i,MATCH(p,f,1),a,INDEX(f,1,i),b,INDEX(f,1,i+1),c,INDEX(s,1,i),d,INDEX(s,1,i+1),ROUND(c+(p-a)/(b-a)*(d-c)))))),$I60+1)"
Air Voltaic,Tracking,Air Voltaic,Expert,13-16,33910,"=LET(p,Tuning!$C$14,f,Distributions!$B$1:$Q$1,s,INDEX(Distributions!$B$2:$Q$89,MATCH($A61,Distributions!$A$2:$A$89,0),0),IF(p<=INDEX(f,1,1),INDEX(s,1,1),IF(p>=INDEX(f,1,16),INDEX(s,1,16),LET(i,MATCH(p,f,1),a,INDEX(f,1,i),b,INDEX(f,1,i+1),c,INDEX(s,1,i),d,INDEX(s,1,i+1),ROUND(c+(p-a)/(b-a)*(d-c))))))","=MAX(LET(p,Tuning!$C$15,f,Distributions!$B$1:$Q$1,s,INDEX(Distributions!$B$2:$Q$89,MATCH($A61,Distributions!$A$2:$A$89,0),0),IF(p<=INDEX(f,1,1),INDEX(s,1,1),IF(p>=INDEX(f,1,16),INDEX(s,1,16),LET(i,MATCH(p,f,1),a,INDEX(f,1,i),b,INDEX(f,1,i+1),c,INDEX(s,1,i),d,INDEX(s,1,i+1),ROUND(c+(p-a)/(b-a)*(d-c)))))),$G61+1)","=MAX(LET(p,Tuning!$C$16,f,Distributions!$B$1:$Q$1,s,INDEX(Distributions!$B$2:$Q$89,MATCH($A61,Distributions!$A$2:$A$89,0),0),IF(p<=INDEX(f,1,1),INDEX(s,1,1),IF(p>=INDEX(f,1,16),INDEX(s,1,16),LET(i,MATCH(p,f,1),a,INDEX(f,1,i),b,INDEX(f,1,i+1),c,INDEX(s,1,i),d,INDEX(s,1,i+1),ROUND(c+(p-a)/(b-a)*(d-c)))))),$H61+1)","=MAX(LET(p,Tuning!$C$17,f,Distributions!$B$1:$Q$1,s,INDEX(Distributions!$B$2:$Q$89,MATCH($A61,Distributions!$A$2:$A$89,0),0),IF(p<=INDEX(f,1,1),INDEX(s,1,1),IF(p>=INDEX(f,1,16),INDEX(s,1,16),LET(i,MATCH(p,f,1),a,INDEX(f,1,i),b,INDEX(f,1,i+1),c,INDEX(s,1,i),d,INDEX(s,1,i+1),ROUND(c+(p-a)/(b-a)*(d-c)))))),$I61+1)"
Close Long Strafes Invincible,Tracking,Strafe Reading,Novice,1-4,170643,"=LET(p,Tuning!$C$2,f,Distributions!$B$1:$Q$1,s,INDEX(Distributions!$B$2:$Q$89,MATCH($A62,Distributions!$A$2:$A$89,0),0),IF(p<=INDEX(f,1,1),INDEX(s,1,1),IF(p>=INDEX(f,1,16),INDEX(s,1,16),LET(i,MATCH(p,f,1),a,INDEX(f,1,i),b,INDEX(f,1,i+1),c,INDEX(s,1,i),d,INDEX(s,1,i+1),ROUND(c+(p-a)/(b-a)*(d-c))))))","=MAX(LET(p,Tuning!$C$3,f,Distributions!$B$1:$Q$1,s,INDEX(Distributions!$B$2:$Q$89,MATCH($A62,Distributions!$A$2:$A$89,0),0),IF(p<=INDEX(f,1,1),INDEX(s,1,1),IF(p>=INDEX(f,1,16),INDEX(s,1,16),LET(i,MATCH(p,f,1),a,INDEX(f,1,i),b,INDEX(f,1,i+1),c,INDEX(s,1,i),d,INDEX(s,1,i+1),ROUND(c+(p-a)/(b-a)*(d-c)))))),$G62+1)","=MAX(LET(p,Tuning!$C$4,f,Distributions!$B$1:$Q$1,s,INDEX(Distributions!$B$2:$Q$89,MATCH($A62,Distributions!$A$2:$A$89,0),0),IF(p<=INDEX(f,1,1),INDEX(s,1,1),IF(p>=INDEX(f,1,16),INDEX(s,1,16),LET(i,MATCH(p,f,1),a,INDEX(f,1,i),b,INDEX(f,1,i+1),c,INDEX(s,1,i),d,INDEX(s,1,i+1),ROUND(c+(p-a)/(b-a)*(d-c)))))),$H62+1)","=MAX(LET(p,Tuning!$C$5,f,Distributions!$B$1:$Q$1,s,INDEX(Distributions!$B$2:$Q$89,MATCH($A62,Distributions!$A$2:$A$89,0),0),IF(p<=INDEX(f,1,1),INDEX(s,1,1),IF(p>=INDEX(f,1,16),INDEX(s,1,16),LET(i,MATCH(p,f,1),a,INDEX(f,1,i),b,INDEX(f,1,i+1),c,INDEX(s,1,i),d,INDEX(s,1,i+1),ROUND(c+(p-a)/(b-a)*(d-c)))))),$I62+1)"
Smooth Thin Strafes Raspberry Easy,Tracking,Strafe Reading,Intermediate,5-8,74862,"=LET(p,Tuning!$C$6,f,Distributions!$B$1:$Q$1,s,INDEX(Distributions!$B$2:$Q$89,MATCH($A63,Distributions!$A$2:$A$89,0),0),IF(p<=INDEX(f,1,1),INDEX(s,1,1),IF(p>=INDEX(f,1,16),INDEX(s,1,16),LET(i,MATCH(p,f,1),a,INDEX(f,1,i),b,INDEX(f,1,i+1),c,INDEX(s,1,i),d,INDEX(s,1,i+1),ROUND(c+(p-a)/(b-a)*(d-c))))))","=MAX(LET(p,Tuning!$C$7,f,Distributions!$B$1:$Q$1,s,INDEX(Distributions!$B$2:$Q$89,MATCH($A63,Distributions!$A$2:$A$89,0),0),IF(p<=INDEX(f,1,1),INDEX(s,1,1),IF(p>=INDEX(f,1,16),INDEX(s,1,16),LET(i,MATCH(p,f,1),a,INDEX(f,1,i),b,INDEX(f,1,i+1),c,INDEX(s,1,i),d,INDEX(s,1,i+1),ROUND(c+(p-a)/(b-a)*(d-c)))))),$G63+1)","=MAX(LET(p,Tuning!$C$8,f,Distributions!$B$1:$Q$1,s,INDEX(Distributions!$B$2:$Q$89,MATCH($A63,Distributions!$A$2:$A$89,0),0),IF(p<=INDEX(f,1,1),INDEX(s,1,1),IF(p>=INDEX(f,1,16),INDEX(s,1,16),LET(i,MATCH(p,f,1),a,INDEX(f,1,i),b,INDEX(f,1,i+1),c,INDEX(s,1,i),d,INDEX(s,1,i+1),ROUND(c+(p-a)/(b-a)*(d-c)))))),$H63+1)","=MAX(LET(p,Tuning!$C$9,f,Distributions!$B$1:$Q$1,s,INDEX(Distributions!$B$2:$Q$89,MATCH($A63,Distributions!$A$2:$A$89,0),0),IF(p<=INDEX(f,1,1),INDEX(s,1,1),IF(p>=INDEX(f,1,16),INDEX(s,1,16),LET(i,MATCH(p,f,1),a,INDEX(f,1,i),b,INDEX(f,1,i+1),c,INDEX(s,1,i),d,INDEX(s,1,i+1),ROUND(c+(p-a)/(b-a)*(d-c)))))),$I63+1)"
Air Angelic 4 Voltaic Easy,Tracking,Strafe Reading,Advanced,9-12,141807,"=LET(p,Tuning!$C$10,f,Distributions!$B$1:$Q$1,s,INDEX(Distributions!$B$2:$Q$89,MATCH($A64,Distributions!$A$2:$A$89,0),0),IF(p<=INDEX(f,1,1),INDEX(s,1,1),IF(p>=INDEX(f,1,16),INDEX(s,1,16),LET(i,MATCH(p,f,1),a,INDEX(f,1,i),b,INDEX(f,1,i+1),c,INDEX(s,1,i),d,INDEX(s,1,i+1),ROUND(c+(p-a)/(b-a)*(d-c))))))","=MAX(LET(p,Tuning!$C$11,f,Distributions!$B$1:$Q$1,s,INDEX(Distributions!$B$2:$Q$89,MATCH($A64,Distributions!$A$2:$A$89,0),0),IF(p<=INDEX(f,1,1),INDEX(s,1,1),IF(p>=INDEX(f,1,16),INDEX(s,1,16),LET(i,MATCH(p,f,1),a,INDEX(f,1,i),b,INDEX(f,1,i+1),c,INDEX(s,1,i),d,INDEX(s,1,i+1),ROUND(c+(p-a)/(b-a)*(d-c)))))),$G64+1)","=MAX(LET(p,Tuning!$C$12,f,Distributions!$B$1:$Q$1,s,INDEX(Distributions!$B$2:$Q$89,MATCH($A64,Distributions!$A$2:$A$89,0),0),IF(p<=INDEX(f,1,1),INDEX(s,1,1),IF(p>=INDEX(f,1,16),INDEX(s,1,16),LET(i,MATCH(p,f,1),a,INDEX(f,1,i),b,INDEX(f,1,i+1),c,INDEX(s,1,i),d,INDEX(s,1,i+1),ROUND(c+(p-a)/(b-a)*(d-c)))))),$H64+1)","=MAX(LET(p,Tuning!$C$13,f,Distributions!$B$1:$Q$1,s,INDEX(Distributions!$B$2:$Q$89,MATCH($A64,Distributions!$A$2:$A$89,0),0),IF(p<=INDEX(f,1,1),INDEX(s,1,1),IF(p>=INDEX(f,1,16),INDEX(s,1,16),LET(i,MATCH(p,f,1),a,INDEX(f,1,i),b,INDEX(f,1,i+1),c,INDEX(s,1,i),d,INDEX(s,1,i+1),ROUND(c+(p-a)/(b-a)*(d-c)))))),$I64+1)"
Close Fast Strafes Invincible - Thin,Tracking,Strafe Reading,Expert,13-16,33556,"=LET(p,Tuning!$C$14,f,Distributions!$B$1:$Q$1,s,INDEX(Distributions!$B$2:$Q$89,MATCH($A65,Distributions!$A$2:$A$89,0),0),IF(p<=INDEX(f,1,1),INDEX(s,1,1),IF(p>=INDEX(f,1,16),INDEX(s,1,16),LET(i,MATCH(p,f,1),a,INDEX(f,1,i),b,INDEX(f,1,i+1),c,INDEX(s,1,i),d,INDEX(s,1,i+1),ROUND(c+(p-a)/(b-a)*(d-c))))))","=MAX(LET(p,Tuning!$C$15,f,Distributions!$B$1:$Q$1,s,INDEX(Distributions!$B$2:$Q$89,MATCH($A65,Distributions!$A$2:$A$89,0),0),IF(p<=INDEX(f,1,1),INDEX(s,1,1),IF(p>=INDEX(f,1,16),INDEX(s,1,16),LET(i,MATCH(p,f,1),a,INDEX(f,1,i),b,INDEX(f,1,i+1),c,INDEX(s,1,i),d,INDEX(s,1,i+1),ROUND(c+(p-a)/(b-a)*(d-c)))))),$G65+1)","=MAX(LET(p,Tuning!$C$16,f,Distributions!$B$1:$Q$1,s,INDEX(Distributions!$B$2:$Q$89,MATCH($A65,Distributions!$A$2:$A$89,0),0),IF(p<=INDEX(f,1,1),INDEX(s,1,1),IF(p>=INDEX(f,1,16),INDEX(s,1,16),LET(i,MATCH(p,f,1),a,INDEX(f,1,i),b,INDEX(f,1,i+1),c,INDEX(s,1,i),d,INDEX(s,1,i+1),ROUND(c+(p-a)/(b-a)*(d-c)))))),$H65+1)","=MAX(LET(p,Tuning!$C$17,f,Distributions!$B$1:$Q$1,s,INDEX(Distributions!$B$2:$Q$89,MATCH($A65,Distributions!$A$2:$A$89,0),0),IF(p<=INDEX(f,1,1),INDEX(s,1,1),IF(p>=INDEX(f,1,16),INDEX(s,1,16),LET(i,MATCH(p,f,1),a,INDEX(f,1,i),b,INDEX(f,1,i+1),c,INDEX(s,1,i),d,INDEX(s,1,i+1),ROUND(c+(p-a)/(b-a)*(d-c)))))),$I65+1)"
VT EddieTS Novice S5,Switching,voxTS,Novice,1-4,86622,"=LET(p,Tuning!$C$2,f,Distributions!$B$1:$Q$1,s,INDEX(Distributions!$B$2:$Q$89,MATCH($A66,Distributions!$A$2:$A$89,0),0),IF(p<=INDEX(f,1,1),INDEX(s,1,1),IF(p>=INDEX(f,1,16),INDEX(s,1,16),LET(i,MATCH(p,f,1),a,INDEX(f,1,i),b,INDEX(f,1,i+1),c,INDEX(s,1,i),d,INDEX(s,1,i+1),ROUND(c+(p-a)/(b-a)*(d-c))))))","=MAX(LET(p,Tuning!$C$3,f,Distributions!$B$1:$Q$1,s,INDEX(Distributions!$B$2:$Q$89,MATCH($A66,Distributions!$A$2:$A$89,0),0),IF(p<=INDEX(f,1,1),INDEX(s,1,1),IF(p>=INDEX(f,1,16),INDEX(s,1,16),LET(i,MATCH(p,f,1),a,INDEX(f,1,i),b,INDEX(f,1,i+1),c,INDEX(s,1,i),d,INDEX(s,1,i+1),ROUND(c+(p-a)/(b-a)*(d-c)))))),$G66+1)","=MAX(LET(p,Tuning!$C$4,f,Distributions!$B$1:$Q$1,s,INDEX(Distributions!$B$2:$Q$89,MATCH($A66,Distributions!$A$2:$A$89,0),0),IF(p<=INDEX(f,1,1),INDEX(s,1,1),IF(p>=INDEX(f,1,16),INDEX(s,1,16),LET(i,MATCH(p,f,1),a,INDEX(f,1,i),b,INDEX(f,1,i+1),c,INDEX(s,1,i),d,INDEX(s,1,i+1),ROUND(c+(p-a)/(b-a)*(d-c)))))),$H66+1)","=MAX(LET(p,Tuning!$C$5,f,Distributions!$B$1:$Q$1,s,INDEX(Distributions!$B$2:$Q$89,MATCH($A66,Distributions!$A$2:$A$89,0),0),IF(p<=INDEX(f,1,1),INDEX(s,1,1),IF(p>=INDEX(f,1,16),INDEX(s,1,16),LET(i,MATCH(p,f,1),a,INDEX(f,1,i),b,INDEX(f,1,i+1),c,INDEX(s,1,i),d,INDEX(s,1,i+1),ROUND(c+(p-a)/(b-a)*(d-c)))))),$I66+1)"
voxTargetSwitch 2 Large,Switching,voxTS,Intermediate,5-8,73058,"=LET(p,Tuning!$C$6,f,Distributions!$B$1:$Q$1,s,INDEX(Distributions!$B$2:$Q$89,MATCH($A67,Distributions!$A$2:$A$89,0),0),IF(p<=INDEX(f,1,1),INDEX(s,1,1),IF(p>=INDEX(f,1,16),INDEX(s,1,16),LET(i,MATCH(p,f,1),a,INDEX(f,1,i),b,INDEX(f,1,i+1),c,INDEX(s,1,i),d,INDEX(s,1,i+1),ROUND(c+(p-a)/(b-a)*(d-c))))))","=MAX(LET(p,Tuning!$C$7,f,Distributions!$B$1:$Q$1,s,INDEX(Distributions!$B$2:$Q$89,MATCH($A67,Distributions!$A$2:$A$89,0),0),IF(p<=INDEX(f,1,1),INDEX(s,1,1),IF(p>=INDEX(f,1,16),INDEX(s,1,16),LET(i,MATCH(p,f,1),a,INDEX(f,1,i),b,INDEX(f,1,i+1),c,INDEX(s,1,i),d,INDEX(s,1,i+1),ROUND(c+(p-a)/(b-a)*(d-c)))))),$G67+1)","=MAX(LET(p,Tuning!$C$8,f,Distributions!$B$1:$Q$1,s,INDEX(Distributions!$B$2:$Q$89,MATCH($A67,Distributions!$A$2:$A$89,0),0),IF(p<=INDEX(f,1,1),INDEX(s,1,1),IF(p>=INDEX(f,1,16),INDEX(s,1,16),LET(i,MATCH(p,f,1),a,INDEX(f,1,i),b,INDEX(f,1,i+1),c,INDEX(s,1,i),d,INDEX(s,1,i+1),ROUND(c+(p-a)/(b-a)*(d-c)))))),$H67+1)","=MAX(LET(p,Tuning!$C$9,f,Distributions!$B$1:$Q$1,s,INDEX(Distributions!$B$2:$Q$89,MATCH($A67,Distributions!$A$2:$A$89,0),0),IF(p<=INDEX(f,1,1),INDEX(s,1,1),IF(p>=INDEX(f,1,16),INDEX(s,1,16),LET(i,MATCH(p,f,1),a,INDEX(f,1,i),b,INDEX(f,1,i+1),c,INDEX(s,1,i),d,INDEX(s,1,i+1),ROUND(c+(p-a)/(b-a)*(d-c)))))),$I67+1)"
voxTargetSwitch,Switching,voxTS,Advanced,9-12,142076,"=LET(p,Tuning!$C$10,f,Distributions!$B$1:$Q$1,s,INDEX(Distributions!$B$2:$Q$89,MATCH($A68,Distributions!$A$2:$A$89,0),0),IF(p<=INDEX(f,1,1),INDEX(s,1,1),IF(p>=INDEX(f,1,16),INDEX(s,1,16),LET(i,MATCH(p,f,1),a,INDEX(f,1,i),b,INDEX(f,1,i+1),c,INDEX(s,1,i),d,INDEX(s,1,i+1),ROUND(c+(p-a)/(b-a)*(d-c))))))","=MAX(LET(p,Tuning!$C$11,f,Distributions!$B$1:$Q$1,s,INDEX(Distributions!$B$2:$Q$89,MATCH($A68,Distributions!$A$2:$A$89,0),0),IF(p<=INDEX(f,1,1),INDEX(s,1,1),IF(p>=INDEX(f,1,16),INDEX(s,1,16),LET(i,MATCH(p,f,1),a,INDEX(f,1,i),b,INDEX(f,1,i+1),c,INDEX(s,1,i),d,INDEX(s,1,i+1),ROUND(c+(p-a)/(b-a)*(d-c)))))),$G68+1)","=MAX(LET(p,Tuning!$C$12,f,Distributions!$B$1:$Q$1,s,INDEX(Distributions!$B$2:$Q$89,MATCH($A68,Distributions!$A$2:$A$89,0),0),IF(p<=INDEX(f,1,1),INDEX(s,1,1),IF(p>=INDEX(f,1,16),INDEX(s,1,16),LET(i,MATCH(p,f,1),a,INDEX(f,1,i),b,INDEX(f,1,i+1),c,INDEX(s,1,i),d,INDEX(s,1,i+1),ROUND(c+(p-a)/(b-a)*(d-c)))))),$H68+1)","=MAX(LET(p,Tuning!$C$13,f,Distributions!$B$1:$Q$1,s,INDEX(Distributions!$B$2:$Q$89,MATCH($A68,Distributions!$A$2:$A$89,0),0),IF(p<=INDEX(f,1,1),INDEX(s,1,1),IF(p>=INDEX(f,1,16),INDEX(s,1,16),LET(i,MATCH(p,f,1),a,INDEX(f,1,i),b,INDEX(f,1,i+1),c,INDEX(s,1,i),d,INDEX(s,1,i+1),ROUND(c+(p-a)/(b-a)*(d-c)))))),$I68+1)"
voxTS Viscose Varied,Switching,voxTS,Expert,13-16,268948,"=LET(p,Tuning!$C$14,f,Distributions!$B$1:$Q$1,s,INDEX(Distributions!$B$2:$Q$89,MATCH($A69,Distributions!$A$2:$A$89,0),0),IF(p<=INDEX(f,1,1),INDEX(s,1,1),IF(p>=INDEX(f,1,16),INDEX(s,1,16),LET(i,MATCH(p,f,1),a,INDEX(f,1,i),b,INDEX(f,1,i+1),c,INDEX(s,1,i),d,INDEX(s,1,i+1),ROUND(c+(p-a)/(b-a)*(d-c))))))","=MAX(LET(p,Tuning!$C$15,f,Distributions!$B$1:$Q$1,s,INDEX(Distributions!$B$2:$Q$89,MATCH($A69,Distributions!$A$2:$A$89,0),0),IF(p<=INDEX(f,1,1),INDEX(s,1,1),IF(p>=INDEX(f,1,16),INDEX(s,1,16),LET(i,MATCH(p,f,1),a,INDEX(f,1,i),b,INDEX(f,1,i+1),c,INDEX(s,1,i),d,INDEX(s,1,i+1),ROUND(c+(p-a)/(b-a)*(d-c)))))),$G69+1)","=MAX(LET(p,Tuning!$C$16,f,Distributions!$B$1:$Q$1,s,INDEX(Distributions!$B$2:$Q$89,MATCH($A69,Distributions!$A$2:$A$89,0),0),IF(p<=INDEX(f,1,1),INDEX(s,1,1),IF(p>=INDEX(f,1,16),INDEX(s,1,16),LET(i,MATCH(p,f,1),a,INDEX(f,1,i),b,INDEX(f,1,i+1),c,INDEX(s,1,i),d,INDEX(s,1,i+1),ROUND(c+(p-a)/(b-a)*(d-c)))))),$H69+1)","=MAX(LET(p,Tuning!$C$17,f,Distributions!$B$1:$Q$1,s,INDEX(Distributions!$B$2:$Q$89,MATCH($A69,Distributions!$A$2:$A$89,0),0),IF(p<=INDEX(f,1,1),INDEX(s,1,1),IF(p>=INDEX(f,1,16),INDEX(s,1,16),LET(i,MATCH(p,f,1),a,INDEX(f,1,i),b,INDEX(f,1,i+1),c,INDEX(s,1,i),d,INDEX(s,1,i+1),ROUND(c+(p-a)/(b-a)*(d-c)))))),$I69+1)"
VT DotTS Novice S5,Switching,DotTS,Novice,1-4,91135,"=LET(p,Tuning!$C$2,f,Distributions!$B$1:$Q$1,s,INDEX(Distributions!$B$2:$Q$89,MATCH($A70,Distributions!$A$2:$A$89,0),0),IF(p<=INDEX(f,1,1),INDEX(s,1,1),IF(p>=INDEX(f,1,16),INDEX(s,1,16),LET(i,MATCH(p,f,1),a,INDEX(f,1,i),b,INDEX(f,1,i+1),c,INDEX(s,1,i),d,INDEX(s,1,i+1),ROUND(c+(p-a)/(b-a)*(d-c))))))","=MAX(LET(p,Tuning!$C$3,f,Distributions!$B$1:$Q$1,s,INDEX(Distributions!$B$2:$Q$89,MATCH($A70,Distributions!$A$2:$A$89,0),0),IF(p<=INDEX(f,1,1),INDEX(s,1,1),IF(p>=INDEX(f,1,16),INDEX(s,1,16),LET(i,MATCH(p,f,1),a,INDEX(f,1,i),b,INDEX(f,1,i+1),c,INDEX(s,1,i),d,INDEX(s,1,i+1),ROUND(c+(p-a)/(b-a)*(d-c)))))),$G70+1)","=MAX(LET(p,Tuning!$C$4,f,Distributions!$B$1:$Q$1,s,INDEX(Distributions!$B$2:$Q$89,MATCH($A70,Distributions!$A$2:$A$89,0),0),IF(p<=INDEX(f,1,1),INDEX(s,1,1),IF(p>=INDEX(f,1,16),INDEX(s,1,16),LET(i,MATCH(p,f,1),a,INDEX(f,1,i),b,INDEX(f,1,i+1),c,INDEX(s,1,i),d,INDEX(s,1,i+1),ROUND(c+(p-a)/(b-a)*(d-c)))))),$H70+1)","=MAX(LET(p,Tuning!$C$5,f,Distributions!$B$1:$Q$1,s,INDEX(Distributions!$B$2:$Q$89,MATCH($A70,Distributions!$A$2:$A$89,0),0),IF(p<=INDEX(f,1,1),INDEX(s,1,1),IF(p>=INDEX(f,1,16),INDEX(s,1,16),LET(i,MATCH(p,f,1),a,INDEX(f,1,i),b,INDEX(f,1,i+1),c,INDEX(s,1,i),d,INDEX(s,1,i+1),ROUND(c+(p-a)/(b-a)*(d-c)))))),$I70+1)"
VT DotTS Intermediate S5,Switching,DotTS,Intermediate,5-8,57461,"=LET(p,Tuning!$C$6,f,Distributions!$B$1:$Q$1,s,INDEX(Distributions!$B$2:$Q$89,MATCH($A71,Distributions!$A$2:$A$89,0),0),IF(p<=INDEX(f,1,1),INDEX(s,1,1),IF(p>=INDEX(f,1,16),INDEX(s,1,16),LET(i,MATCH(p,f,1),a,INDEX(f,1,i),b,INDEX(f,1,i+1),c,INDEX(s,1,i),d,INDEX(s,1,i+1),ROUND(c+(p-a)/(b-a)*(d-c))))))","=MAX(LET(p,Tuning!$C$7,f,Distributions!$B$1:$Q$1,s,INDEX(Distributions!$B$2:$Q$89,MATCH($A71,Distributions!$A$2:$A$89,0),0),IF(p<=INDEX(f,1,1),INDEX(s,1,1),IF(p>=INDEX(f,1,16),INDEX(s,1,16),LET(i,MATCH(p,f,1),a,INDEX(f,1,i),b,INDEX(f,1,i+1),c,INDEX(s,1,i),d,INDEX(s,1,i+1),ROUND(c+(p-a)/(b-a)*(d-c)))))),$G71+1)","=MAX(LET(p,Tuning!$C$8,f,Distributions!$B$1:$Q$1,s,INDEX(Distributions!$B$2:$Q$89,MATCH($A71,Distributions!$A$2:$A$89,0),0),IF(p<=INDEX(f,1,1),INDEX(s,1,1),IF(p>=INDEX(f,1,16),INDEX(s,1,16),LET(i,MATCH(p,f,1),a,INDEX(f,1,i),b,INDEX(f,1,i+1),c,INDEX(s,1,i),d,INDEX(s,1,i+1),ROUND(c+(p-a)/(b-a)*(d-c)))))),$H71+1)","=MAX(LET(p,Tuning!$C$9,f,Distributions!$B$1:$Q$1,s,INDEX(Distributions!$B$2:$Q$89,MATCH($A71,Distributions!$A$2:$A$89,0),0),IF(p<=INDEX(f,1,1),INDEX(s,1,1),IF(p>=INDEX(f,1,16),INDEX(s,1,16),LET(i,MATCH(p,f,1),a,INDEX(f,1,i),b,INDEX(f,1,i+1),c,INDEX(s,1,i),d,INDEX(s,1,i+1),ROUND(c+(p-a)/(b-a)*(d-c)))))),$I71+1)"
VT DotTS Advanced S5,Switching,DotTS,Advanced,9-12,17906,"=LET(p,Tuning!$C$10,f,Distributions!$B$1:$Q$1,s,INDEX(Distributions!$B$2:$Q$89,MATCH($A72,Distributions!$A$2:$A$89,0),0),IF(p<=INDEX(f,1,1),INDEX(s,1,1),IF(p>=INDEX(f,1,16),INDEX(s,1,16),LET(i,MATCH(p,f,1),a,INDEX(f,1,i),b,INDEX(f,1,i+1),c,INDEX(s,1,i),d,INDEX(s,1,i+1),ROUND(c+(p-a)/(b-a)*(d-c))))))","=MAX(LET(p,Tuning!$C$11,f,Distributions!$B$1:$Q$1,s,INDEX(Distributions!$B$2:$Q$89,MATCH($A72,Distributions!$A$2:$A$89,0),0),IF(p<=INDEX(f,1,1),INDEX(s,1,1),IF(p>=INDEX(f,1,16),INDEX(s,1,16),LET(i,MATCH(p,f,1),a,INDEX(f,1,i),b,INDEX(f,1,i+1),c,INDEX(s,1,i),d,INDEX(s,1,i+1),ROUND(c+(p-a)/(b-a)*(d-c)))))),$G72+1)","=MAX(LET(p,Tuning!$C$12,f,Distributions!$B$1:$Q$1,s,INDEX(Distributions!$B$2:$Q$89,MATCH($A72,Distributions!$A$2:$A$89,0),0),IF(p<=INDEX(f,1,1),INDEX(s,1,1),IF(p>=INDEX(f,1,16),INDEX(s,1,16),LET(i,MATCH(p,f,1),a,INDEX(f,1,i),b,INDEX(f,1,i+1),c,INDEX(s,1,i),d,INDEX(s,1,i+1),ROUND(c+(p-a)/(b-a)*(d-c)))))),$H72+1)","=MAX(LET(p,Tuning!$C$13,f,Distributions!$B$1:$Q$1,s,INDEX(Distributions!$B$2:$Q$89,MATCH($A72,Distributions!$A$2:$A$89,0),0),IF(p<=INDEX(f,1,1),INDEX(s,1,1),IF(p>=INDEX(f,1,16),INDEX(s,1,16),LET(i,MATCH(p,f,1),a,INDEX(f,1,i),b,INDEX(f,1,i+1),c,INDEX(s,1,i),d,INDEX(s,1,i+1),ROUND(c+(p-a)/(b-a)*(d-c)))))),$I72+1)"
patCircleSwitch NR,Switching,DotTS,Expert,13-16,38271,"=LET(p,Tuning!$C$14,f,Distributions!$B$1:$Q$1,s,INDEX(Distributions!$B$2:$Q$89,MATCH($A73,Distributions!$A$2:$A$89,0),0),IF(p<=INDEX(f,1,1),INDEX(s,1,1),IF(p>=INDEX(f,1,16),INDEX(s,1,16),LET(i,MATCH(p,f,1),a,INDEX(f,1,i),b,INDEX(f,1,i+1),c,INDEX(s,1,i),d,INDEX(s,1,i+1),ROUND(c+(p-a)/(b-a)*(d-c))))))","=MAX(LET(p,Tuning!$C$15,f,Distributions!$B$1:$Q$1,s,INDEX(Distributions!$B$2:$Q$89,MATCH($A73,Distributions!$A$2:$A$89,0),0),IF(p<=INDEX(f,1,1),INDEX(s,1,1),IF(p>=INDEX(f,1,16),INDEX(s,1,16),LET(i,MATCH(p,f,1),a,INDEX(f,1,i),b,INDEX(f,1,i+1),c,INDEX(s,1,i),d,INDEX(s,1,i+1),ROUND(c+(p-a)/(b-a)*(d-c)))))),$G73+1)","=MAX(LET(p,Tuning!$C$16,f,Distributions!$B$1:$Q$1,s,INDEX(Distributions!$B$2:$Q$89,MATCH($A73,Distributions!$A$2:$A$89,0),0),IF(p<=INDEX(f,1,1),INDEX(s,1,1),IF(p>=INDEX(f,1,16),INDEX(s,1,16),LET(i,MATCH(p,f,1),a,INDEX(f,1,i),b,INDEX(f,1,i+1),c,INDEX(s,1,i),d,INDEX(s,1,i+1),ROUND(c+(p-a)/(b-a)*(d-c)))))),$H73+1)","=MAX(LET(p,Tuning!$C$17,f,Distributions!$B$1:$Q$1,s,INDEX(Distributions!$B$2:$Q$89,MATCH($A73,Distributions!$A$2:$A$89,0),0),IF(p<=INDEX(f,1,1),INDEX(s,1,1),IF(p>=INDEX(f,1,16),INDEX(s,1,16),LET(i,MATCH(p,f,1),a,INDEX(f,1,i),b,INDEX(f,1,i+1),c,INDEX(s,1,i),d,INDEX(s,1,i+1),ROUND(c+(p-a)/(b-a)*(d-c)))))),$I73+1)"
VT FlyTS Novice S5,Switching,FlyTS,Novice,1-4,79460,"=LET(p,Tuning!$C$2,f,Distributions!$B$1:$Q$1,s,INDEX(Distributions!$B$2:$Q$89,MATCH($A74,Distributions!$A$2:$A$89,0),0),IF(p<=INDEX(f,1,1),INDEX(s,1,1),IF(p>=INDEX(f,1,16),INDEX(s,1,16),LET(i,MATCH(p,f,1),a,INDEX(f,1,i),b,INDEX(f,1,i+1),c,INDEX(s,1,i),d,INDEX(s,1,i+1),ROUND(c+(p-a)/(b-a)*(d-c))))))","=MAX(LET(p,Tuning!$C$3,f,Distributions!$B$1:$Q$1,s,INDEX(Distributions!$B$2:$Q$89,MATCH($A74,Distributions!$A$2:$A$89,0),0),IF(p<=INDEX(f,1,1),INDEX(s,1,1),IF(p>=INDEX(f,1,16),INDEX(s,1,16),LET(i,MATCH(p,f,1),a,INDEX(f,1,i),b,INDEX(f,1,i+1),c,INDEX(s,1,i),d,INDEX(s,1,i+1),ROUND(c+(p-a)/(b-a)*(d-c)))))),$G74+1)","=MAX(LET(p,Tuning!$C$4,f,Distributions!$B$1:$Q$1,s,INDEX(Distributions!$B$2:$Q$89,MATCH($A74,Distributions!$A$2:$A$89,0),0),IF(p<=INDEX(f,1,1),INDEX(s,1,1),IF(p>=INDEX(f,1,16),INDEX(s,1,16),LET(i,MATCH(p,f,1),a,INDEX(f,1,i),b,INDEX(f,1,i+1),c,INDEX(s,1,i),d,INDEX(s,1,i+1),ROUND(c+(p-a)/(b-a)*(d-c)))))),$H74+1)","=MAX(LET(p,Tuning!$C$5,f,Distributions!$B$1:$Q$1,s,INDEX(Distributions!$B$2:$Q$89,MATCH($A74,Distributions!$A$2:$A$89,0),0),IF(p<=INDEX(f,1,1),INDEX(s,1,1),IF(p>=INDEX(f,1,16),INDEX(s,1,16),LET(i,MATCH(p,f,1),a,INDEX(f,1,i),b,INDEX(f,1,i+1),c,INDEX(s,1,i),d,INDEX(s,1,i+1),ROUND(c+(p-a)/(b-a)*(d-c)))))),$I74+1)"
VT FlyTS Intermediate S5,Switching,FlyTS,Intermediate,5-8,48140,"=LET(p,Tuning!$C$6,f,Distributions!$B$1:$Q$1,s,INDEX(Distributions!$B$2:$Q$89,MATCH($A75,Distributions!$A$2:$A$89,0),0),IF(p<=INDEX(f,1,1),INDEX(s,1,1),IF(p>=INDEX(f,1,16),INDEX(s,1,16),LET(i,MATCH(p,f,1),a,INDEX(f,1,i),b,INDEX(f,1,i+1),c,INDEX(s,1,i),d,INDEX(s,1,i+1),ROUND(c+(p-a)/(b-a)*(d-c))))))","=MAX(LET(p,Tuning!$C$7,f,Distributions!$B$1:$Q$1,s,INDEX(Distributions!$B$2:$Q$89,MATCH($A75,Distributions!$A$2:$A$89,0),0),IF(p<=INDEX(f,1,1),INDEX(s,1,1),IF(p>=INDEX(f,1,16),INDEX(s,1,16),LET(i,MATCH(p,f,1),a,INDEX(f,1,i),b,INDEX(f,1,i+1),c,INDEX(s,1,i),d,INDEX(s,1,i+1),ROUND(c+(p-a)/(b-a)*(d-c)))))),$G75+1)","=MAX(LET(p,Tuning!$C$8,f,Distributions!$B$1:$Q$1,s,INDEX(Distributions!$B$2:$Q$89,MATCH($A75,Distributions!$A$2:$A$89,0),0),IF(p<=INDEX(f,1,1),INDEX(s,1,1),IF(p>=INDEX(f,1,16),INDEX(s,1,16),LET(i,MATCH(p,f,1),a,INDEX(f,1,i),b,INDEX(f,1,i+1),c,INDEX(s,1,i),d,INDEX(s,1,i+1),ROUND(c+(p-a)/(b-a)*(d-c)))))),$H75+1)","=MAX(LET(p,Tuning!$C$9,f,Distributions!$B$1:$Q$1,s,INDEX(Distributions!$B$2:$Q$89,MATCH($A75,Distributions!$A$2:$A$89,0),0),IF(p<=INDEX(f,1,1),INDEX(s,1,1),IF(p>=INDEX(f,1,16),INDEX(s,1,16),LET(i,MATCH(p,f,1),a,INDEX(f,1,i),b,INDEX(f,1,i+1),c,INDEX(s,1,i),d,INDEX(s,1,i+1),ROUND(c+(p-a)/(b-a)*(d-c)))))),$I75+1)"
VT FlyTS Advanced S5,Switching,FlyTS,Advanced,9-12,9501,"=LET(p,Tuning!$C$10,f,Distributions!$B$1:$Q$1,s,INDEX(Distributions!$B$2:$Q$89,MATCH($A76,Distributions!$A$2:$A$89,0),0),IF(p<=INDEX(f,1,1),INDEX(s,1,1),IF(p>=INDEX(f,1,16),INDEX(s,1,16),LET(i,MATCH(p,f,1),a,INDEX(f,1,i),b,INDEX(f,1,i+1),c,INDEX(s,1,i),d,INDEX(s,1,i+1),ROUND(c+(p-a)/(b-a)*(d-c))))))","=MAX(LET(p,Tuning!$C$11,f,Distributions!$B$1:$Q$1,s,INDEX(Distributions!$B$2:$Q$89,MATCH($A76,Distributions!$A$2:$A$89,0),0),IF(p<=INDEX(f,1,1),INDEX(s,1,1),IF(p>=INDEX(f,1,16),INDEX(s,1,16),LET(i,MATCH(p,f,1),a,INDEX(f,1,i),b,INDEX(f,1,i+1),c,INDEX(s,1,i),d,INDEX(s,1,i+1),ROUND(c+(p-a)/(b-a)*(d-c)))))),$G76+1)","=MAX(LET(p,Tuning!$C$12,f,Distributions!$B$1:$Q$1,s,INDEX(Distributions!$B$2:$Q$89,MATCH($A76,Distributions!$A$2:$A$89,0),0),IF(p<=INDEX(f,1,1),INDEX(s,1,1),IF(p>=INDEX(f,1,16),INDEX(s,1,16),LET(i,MATCH(p,f,1),a,INDEX(f,1,i),b,INDEX(f,1,i+1),c,INDEX(s,1,i),d,INDEX(s,1,i+1),ROUND(c+(p-a)/(b-a)*(d-c)))))),$H76+1)","=MAX(LET(p,Tuning!$C$13,f,Distributions!$B$1:$Q$1,s,INDEX(Distributions!$B$2:$Q$89,MATCH($A76,Distributions!$A$2:$A$89,0),0),IF(p<=INDEX(f,1,1),INDEX(s,1,1),IF(p>=INDEX(f,1,16),INDEX(s,1,16),LET(i,MATCH(p,f,1),a,INDEX(f,1,i),b,INDEX(f,1,i+1),c,INDEX(s,1,i),d,INDEX(s,1,i+1),ROUND(c+(p-a)/(b-a)*(d-c)))))),$I76+1)"
Bounce 180 Tracking,Switching,FlyTS,Expert,13-16,128050,"=LET(p,Tuning!$C$14,f,Distributions!$B$1:$Q$1,s,INDEX(Distributions!$B$2:$Q$89,MATCH($A77,Distributions!$A$2:$A$89,0),0),IF(p<=INDEX(f,1,1),INDEX(s,1,1),IF(p>=INDEX(f,1,16),INDEX(s,1,16),LET(i,MATCH(p,f,1),a,INDEX(f,1,i),b,INDEX(f,1,i+1),c,INDEX(s,1,i),d,INDEX(s,1,i+1),ROUND(c+(p-a)/(b-a)*(d-c))))))","=MAX(LET(p,Tuning!$C$15,f,Distributions!$B$1:$Q$1,s,INDEX(Distributions!$B$2:$Q$89,MATCH($A77,Distributions!$A$2:$A$89,0),0),IF(p<=INDEX(f,1,1),INDEX(s,1,1),IF(p>=INDEX(f,1,16),INDEX(s,1,16),LET(i,MATCH(p,f,1),a,INDEX(f,1,i),b,INDEX(f,1,i+1),c,INDEX(s,1,i),d,INDEX(s,1,i+1),ROUND(c+(p-a)/(b-a)*(d-c)))))),$G77+1)","=MAX(LET(p,Tuning!$C$16,f,Distributions!$B$1:$Q$1,s,INDEX(Distributions!$B$2:$Q$89,MATCH($A77,Distributions!$A$2:$A$89,0),0),IF(p<=INDEX(f,1,1),INDEX(s,1,1),IF(p>=INDEX(f,1,16),INDEX(s,1,16),LET(i,MATCH(p,f,1),a,INDEX(f,1,i),b,INDEX(f,1,i+1),c,INDEX(s,1,i),d,INDEX(s,1,i+1),ROUND(c+(p-a)/(b-a)*(d-c)))))),$H77+1)","=MAX(LET(p,Tuning!$C$17,f,Distributions!$B$1:$Q$1,s,INDEX(Distributions!$B$2:$Q$89,MATCH($A77,Distributions!$A$2:$A$89,0),0),IF(p<=INDEX(f,1,1),INDEX(s,1,1),IF(p>=INDEX(f,1,16),INDEX(s,1,16),LET(i,MATCH(p,f,1),a,INDEX(f,1,i),b,INDEX(f,1,i+1),c,INDEX(s,1,i),d,INDEX(s,1,i+1),ROUND(c+(p-a)/(b-a)*(d-c)))))),$I77+1)"
VT evaTS Novice,Switching,Smooth Switching,Novice,1-4,107001,"=LET(p,Tuning!$C$2,f,Distributions!$B$1:$Q$1,s,INDEX(Distributions!$B$2:$Q$89,MATCH($A78,Distributions!$A$2:$A$89,0),0),IF(p<=INDEX(f,1,1),INDEX(s,1,1),IF(p>=INDEX(f,1,16),INDEX(s,1,16),LET(i,MATCH(p,f,1),a,INDEX(f,1,i),b,INDEX(f,1,i+1),c,INDEX(s,1,i),d,INDEX(s,1,i+1),ROUND(c+(p-a)/(b-a)*(d-c))))))","=MAX(LET(p,Tuning!$C$3,f,Distributions!$B$1:$Q$1,s,INDEX(Distributions!$B$2:$Q$89,MATCH($A78,Distributions!$A$2:$A$89,0),0),IF(p<=INDEX(f,1,1),INDEX(s,1,1),IF(p>=INDEX(f,1,16),INDEX(s,1,16),LET(i,MATCH(p,f,1),a,INDEX(f,1,i),b,INDEX(f,1,i+1),c,INDEX(s,1,i),d,INDEX(s,1,i+1),ROUND(c+(p-a)/(b-a)*(d-c)))))),$G78+1)","=MAX(LET(p,Tuning!$C$4,f,Distributions!$B$1:$Q$1,s,INDEX(Distributions!$B$2:$Q$89,MATCH($A78,Distributions!$A$2:$A$89,0),0),IF(p<=INDEX(f,1,1),INDEX(s,1,1),IF(p>=INDEX(f,1,16),INDEX(s,1,16),LET(i,MATCH(p,f,1),a,INDEX(f,1,i),b,INDEX(f,1,i+1),c,INDEX(s,1,i),d,INDEX(s,1,i+1),ROUND(c+(p-a)/(b-a)*(d-c)))))),$H78+1)","=MAX(LET(p,Tuning!$C$5,f,Distributions!$B$1:$Q$1,s,INDEX(Distributions!$B$2:$Q$89,MATCH($A78,Distributions!$A$2:$A$89,0),0),IF(p<=INDEX(f,1,1),INDEX(s,1,1),IF(p>=INDEX(f,1,16),INDEX(s,1,16),LET(i,MATCH(p,f,1),a,INDEX(f,1,i),b,INDEX(f,1,i+1),c,INDEX(s,1,i),d,INDEX(s,1,i+1),ROUND(c+(p-a)/(b-a)*(d-c)))))),$I78+1)"
VT evaTS Intermediate,Switching,Smooth Switching,Intermediate,5-8,52650,"=LET(p,Tuning!$C$6,f,Distributions!$B$1:$Q$1,s,INDEX(Distributions!$B$2:$Q$89,MATCH($A79,Distributions!$A$2:$A$89,0),0),IF(p<=INDEX(f,1,1),INDEX(s,1,1),IF(p>=INDEX(f,1,16),INDEX(s,1,16),LET(i,MATCH(p,f,1),a,INDEX(f,1,i),b,INDEX(f,1,i+1),c,INDEX(s,1,i),d,INDEX(s,1,i+1),ROUND(c+(p-a)/(b-a)*(d-c))))))","=MAX(LET(p,Tuning!$C$7,f,Distributions!$B$1:$Q$1,s,INDEX(Distributions!$B$2:$Q$89,MATCH($A79,Distributions!$A$2:$A$89,0),0),IF(p<=INDEX(f,1,1),INDEX(s,1,1),IF(p>=INDEX(f,1,16),INDEX(s,1,16),LET(i,MATCH(p,f,1),a,INDEX(f,1,i),b,INDEX(f,1,i+1),c,INDEX(s,1,i),d,INDEX(s,1,i+1),ROUND(c+(p-a)/(b-a)*(d-c)))))),$G79+1)","=MAX(LET(p,Tuning!$C$8,f,Distributions!$B$1:$Q$1,s,INDEX(Distributions!$B$2:$Q$89,MATCH($A79,Distributions!$A$2:$A$89,0),0),IF(p<=INDEX(f,1,1),INDEX(s,1,1),IF(p>=INDEX(f,1,16),INDEX(s,1,16),LET(i,MATCH(p,f,1),a,INDEX(f,1,i),b,INDEX(f,1,i+1),c,INDEX(s,1,i),d,INDEX(s,1,i+1),ROUND(c+(p-a)/(b-a)*(d-c)))))),$H79+1)","=MAX(LET(p,Tuning!$C$9,f,Distributions!$B$1:$Q$1,s,INDEX(Distributions!$B$2:$Q$89,MATCH($A79,Distributions!$A$2:$A$89,0),0),IF(p<=INDEX(f,1,1),INDEX(s,1,1),IF(p>=INDEX(f,1,16),INDEX(s,1,16),LET(i,MATCH(p,f,1),a,INDEX(f,1,i),b,INDEX(f,1,i+1),c,INDEX(s,1,i),d,INDEX(s,1,i+1),ROUND(c+(p-a)/(b-a)*(d-c)))))),$I79+1)"
tamTargetSwitch Smooth Easy,Switching,Smooth Switching,Advanced,9-12,69242,"=LET(p,Tuning!$C$10,f,Distributions!$B$1:$Q$1,s,INDEX(Distributions!$B$2:$Q$89,MATCH($A80,Distributions!$A$2:$A$89,0),0),IF(p<=INDEX(f,1,1),INDEX(s,1,1),IF(p>=INDEX(f,1,16),INDEX(s,1,16),LET(i,MATCH(p,f,1),a,INDEX(f,1,i),b,INDEX(f,1,i+1),c,INDEX(s,1,i),d,INDEX(s,1,i+1),ROUND(c+(p-a)/(b-a)*(d-c))))))","=MAX(LET(p,Tuning!$C$11,f,Distributions!$B$1:$Q$1,s,INDEX(Distributions!$B$2:$Q$89,MATCH($A80,Distributions!$A$2:$A$89,0),0),IF(p<=INDEX(f,1,1),INDEX(s,1,1),IF(p>=INDEX(f,1,16),INDEX(s,1,16),LET(i,MATCH(p,f,1),a,INDEX(f,1,i),b,INDEX(f,1,i+1),c,INDEX(s,1,i),d,INDEX(s,1,i+1),ROUND(c+(p-a)/(b-a)*(d-c)))))),$G80+1)","=MAX(LET(p,Tuning!$C$12,f,Distributions!$B$1:$Q$1,s,INDEX(Distributions!$B$2:$Q$89,MATCH($A80,Distributions!$A$2:$A$89,0),0),IF(p<=INDEX(f,1,1),INDEX(s,1,1),IF(p>=INDEX(f,1,16),INDEX(s,1,16),LET(i,MATCH(p,f,1),a,INDEX(f,1,i),b,INDEX(f,1,i+1),c,INDEX(s,1,i),d,INDEX(s,1,i+1),ROUND(c+(p-a)/(b-a)*(d-c)))))),$H80+1)","=MAX(LET(p,Tuning!$C$13,f,Distributions!$B$1:$Q$1,s,INDEX(Distributions!$B$2:$Q$89,MATCH($A80,Distributions!$A$2:$A$89,0),0),IF(p<=INDEX(f,1,1),INDEX(s,1,1),IF(p>=INDEX(f,1,16),INDEX(s,1,16),LET(i,MATCH(p,f,1),a,INDEX(f,1,i),b,INDEX(f,1,i+1),c,INDEX(s,1,i),d,INDEX(s,1,i+1),ROUND(c+(p-a)/(b-a)*(d-c)))))),$I80+1)"
tamTargetSwitch Smooth Hard,Switching,Smooth Switching,Expert,13-16,46012,"=LET(p,Tuning!$C$14,f,Distributions!$B$1:$Q$1,s,INDEX(Distributions!$B$2:$Q$89,MATCH($A81,Distributions!$A$2:$A$89,0),0),IF(p<=INDEX(f,1,1),INDEX(s,1,1),IF(p>=INDEX(f,1,16),INDEX(s,1,16),LET(i,MATCH(p,f,1),a,INDEX(f,1,i),b,INDEX(f,1,i+1),c,INDEX(s,1,i),d,INDEX(s,1,i+1),ROUND(c+(p-a)/(b-a)*(d-c))))))","=MAX(LET(p,Tuning!$C$15,f,Distributions!$B$1:$Q$1,s,INDEX(Distributions!$B$2:$Q$89,MATCH($A81,Distributions!$A$2:$A$89,0),0),IF(p<=INDEX(f,1,1),INDEX(s,1,1),IF(p>=INDEX(f,1,16),INDEX(s,1,16),LET(i,MATCH(p,f,1),a,INDEX(f,1,i),b,INDEX(f,1,i+1),c,INDEX(s,1,i),d,INDEX(s,1,i+1),ROUND(c+(p-a)/(b-a)*(d-c)))))),$G81+1)","=MAX(LET(p,Tuning!$C$16,f,Distributions!$B$1:$Q$1,s,INDEX(Distributions!$B$2:$Q$89,MATCH($A81,Distributions!$A$2:$A$89,0),0),IF(p<=INDEX(f,1,1),INDEX(s,1,1),IF(p>=INDEX(f,1,16),INDEX(s,1,16),LET(i,MATCH(p,f,1),a,INDEX(f,1,i),b,INDEX(f,1,i+1),c,INDEX(s,1,i),d,INDEX(s,1,i+1),ROUND(c+(p-a)/(b-a)*(d-c)))))),$H81+1)","=MAX(LET(p,Tuning!$C$17,f,Distributions!$B$1:$Q$1,s,INDEX(Distributions!$B$2:$Q$89,MATCH($A81,Distributions!$A$2:$A$89,0),0),IF(p<=INDEX(f,1,1),INDEX(s,1,1),IF(p>=INDEX(f,1,16),INDEX(s,1,16),LET(i,MATCH(p,f,1),a,INDEX(f,1,i),b,INDEX(f,1,i+1),c,INDEX(s,1,i),d,INDEX(s,1,i+1),ROUND(c+(p-a)/(b-a)*(d-c)))))),$I81+1)"
VT ControlTS Novice S5,Switching,ControlTS,Novice,1-4,84100,"=LET(p,Tuning!$C$2,f,Distributions!$B$1:$Q$1,s,INDEX(Distributions!$B$2:$Q$89,MATCH($A82,Distributions!$A$2:$A$89,0),0),IF(p<=INDEX(f,1,1),INDEX(s,1,1),IF(p>=INDEX(f,1,16),INDEX(s,1,16),LET(i,MATCH(p,f,1),a,INDEX(f,1,i),b,INDEX(f,1,i+1),c,INDEX(s,1,i),d,INDEX(s,1,i+1),ROUND(c+(p-a)/(b-a)*(d-c))))))","=MAX(LET(p,Tuning!$C$3,f,Distributions!$B$1:$Q$1,s,INDEX(Distributions!$B$2:$Q$89,MATCH($A82,Distributions!$A$2:$A$89,0),0),IF(p<=INDEX(f,1,1),INDEX(s,1,1),IF(p>=INDEX(f,1,16),INDEX(s,1,16),LET(i,MATCH(p,f,1),a,INDEX(f,1,i),b,INDEX(f,1,i+1),c,INDEX(s,1,i),d,INDEX(s,1,i+1),ROUND(c+(p-a)/(b-a)*(d-c)))))),$G82+1)","=MAX(LET(p,Tuning!$C$4,f,Distributions!$B$1:$Q$1,s,INDEX(Distributions!$B$2:$Q$89,MATCH($A82,Distributions!$A$2:$A$89,0),0),IF(p<=INDEX(f,1,1),INDEX(s,1,1),IF(p>=INDEX(f,1,16),INDEX(s,1,16),LET(i,MATCH(p,f,1),a,INDEX(f,1,i),b,INDEX(f,1,i+1),c,INDEX(s,1,i),d,INDEX(s,1,i+1),ROUND(c+(p-a)/(b-a)*(d-c)))))),$H82+1)","=MAX(LET(p,Tuning!$C$5,f,Distributions!$B$1:$Q$1,s,INDEX(Distributions!$B$2:$Q$89,MATCH($A82,Distributions!$A$2:$A$89,0),0),IF(p<=INDEX(f,1,1),INDEX(s,1,1),IF(p>=INDEX(f,1,16),INDEX(s,1,16),LET(i,MATCH(p,f,1),a,INDEX(f,1,i),b,INDEX(f,1,i+1),c,INDEX(s,1,i),d,INDEX(s,1,i+1),ROUND(c+(p-a)/(b-a)*(d-c)))))),$I82+1)"
VT ControlTS Intermediate S5,Switching,ControlTS,Intermediate,5-8,48842,"=LET(p,Tuning!$C$6,f,Distributions!$B$1:$Q$1,s,INDEX(Distributions!$B$2:$Q$89,MATCH($A83,Distributions!$A$2:$A$89,0),0),IF(p<=INDEX(f,1,1),INDEX(s,1,1),IF(p>=INDEX(f,1,16),INDEX(s,1,16),LET(i,MATCH(p,f,1),a,INDEX(f,1,i),b,INDEX(f,1,i+1),c,INDEX(s,1,i),d,INDEX(s,1,i+1),ROUND(c+(p-a)/(b-a)*(d-c))))))","=MAX(LET(p,Tuning!$C$7,f,Distributions!$B$1:$Q$1,s,INDEX(Distributions!$B$2:$Q$89,MATCH($A83,Distributions!$A$2:$A$89,0),0),IF(p<=INDEX(f,1,1),INDEX(s,1,1),IF(p>=INDEX(f,1,16),INDEX(s,1,16),LET(i,MATCH(p,f,1),a,INDEX(f,1,i),b,INDEX(f,1,i+1),c,INDEX(s,1,i),d,INDEX(s,1,i+1),ROUND(c+(p-a)/(b-a)*(d-c)))))),$G83+1)","=MAX(LET(p,Tuning!$C$8,f,Distributions!$B$1:$Q$1,s,INDEX(Distributions!$B$2:$Q$89,MATCH($A83,Distributions!$A$2:$A$89,0),0),IF(p<=INDEX(f,1,1),INDEX(s,1,1),IF(p>=INDEX(f,1,16),INDEX(s,1,16),LET(i,MATCH(p,f,1),a,INDEX(f,1,i),b,INDEX(f,1,i+1),c,INDEX(s,1,i),d,INDEX(s,1,i+1),ROUND(c+(p-a)/(b-a)*(d-c)))))),$H83+1)","=MAX(LET(p,Tuning!$C$9,f,Distributions!$B$1:$Q$1,s,INDEX(Distributions!$B$2:$Q$89,MATCH($A83,Distributions!$A$2:$A$89,0),0),IF(p<=INDEX(f,1,1),INDEX(s,1,1),IF(p>=INDEX(f,1,16),INDEX(s,1,16),LET(i,MATCH(p,f,1),a,INDEX(f,1,i),b,INDEX(f,1,i+1),c,INDEX(s,1,i),d,INDEX(s,1,i+1),ROUND(c+(p-a)/(b-a)*(d-c)))))),$I83+1)"
kinTS Voltaic Easy,Switching,ControlTS,Advanced,9-12,60069,"=LET(p,Tuning!$C$10,f,Distributions!$B$1:$Q$1,s,INDEX(Distributions!$B$2:$Q$89,MATCH($A84,Distributions!$A$2:$A$89,0),0),IF(p<=INDEX(f,1,1),INDEX(s,1,1),IF(p>=INDEX(f,1,16),INDEX(s,1,16),LET(i,MATCH(p,f,1),a,INDEX(f,1,i),b,INDEX(f,1,i+1),c,INDEX(s,1,i),d,INDEX(s,1,i+1),ROUND(c+(p-a)/(b-a)*(d-c))))))","=MAX(LET(p,Tuning!$C$11,f,Distributions!$B$1:$Q$1,s,INDEX(Distributions!$B$2:$Q$89,MATCH($A84,Distributions!$A$2:$A$89,0),0),IF(p<=INDEX(f,1,1),INDEX(s,1,1),IF(p>=INDEX(f,1,16),INDEX(s,1,16),LET(i,MATCH(p,f,1),a,INDEX(f,1,i),b,INDEX(f,1,i+1),c,INDEX(s,1,i),d,INDEX(s,1,i+1),ROUND(c+(p-a)/(b-a)*(d-c)))))),$G84+1)","=MAX(LET(p,Tuning!$C$12,f,Distributions!$B$1:$Q$1,s,INDEX(Distributions!$B$2:$Q$89,MATCH($A84,Distributions!$A$2:$A$89,0),0),IF(p<=INDEX(f,1,1),INDEX(s,1,1),IF(p>=INDEX(f,1,16),INDEX(s,1,16),LET(i,MATCH(p,f,1),a,INDEX(f,1,i),b,INDEX(f,1,i+1),c,INDEX(s,1,i),d,INDEX(s,1,i+1),ROUND(c+(p-a)/(b-a)*(d-c)))))),$H84+1)","=MAX(LET(p,Tuning!$C$13,f,Distributions!$B$1:$Q$1,s,INDEX(Distributions!$B$2:$Q$89,MATCH($A84,Distributions!$A$2:$A$89,0),0),IF(p<=INDEX(f,1,1),INDEX(s,1,1),IF(p>=INDEX(f,1,16),INDEX(s,1,16),LET(i,MATCH(p,f,1),a,INDEX(f,1,i),b,INDEX(f,1,i+1),c,INDEX(s,1,i),d,INDEX(s,1,i+1),ROUND(c+(p-a)/(b-a)*(d-c)))))),$I84+1)"
kinTS Voltaic,Switching,ControlTS,Expert,13-16,28855,"=LET(p,Tuning!$C$14,f,Distributions!$B$1:$Q$1,s,INDEX(Distributions!$B$2:$Q$89,MATCH($A85,Distributions!$A$2:$A$89,0),0),IF(p<=INDEX(f,1,1),INDEX(s,1,1),IF(p>=INDEX(f,1,16),INDEX(s,1,16),LET(i,MATCH(p,f,1),a,INDEX(f,1,i),b,INDEX(f,1,i+1),c,INDEX(s,1,i),d,INDEX(s,1,i+1),ROUND(c+(p-a)/(b-a)*(d-c))))))","=MAX(LET(p,Tuning!$C$15,f,Distributions!$B$1:$Q$1,s,INDEX(Distributions!$B$2:$Q$89,MATCH($A85,Distributions!$A$2:$A$89,0),0),IF(p<=INDEX(f,1,1),INDEX(s,1,1),IF(p>=INDEX(f,1,16),INDEX(s,1,16),LET(i,MATCH(p,f,1),a,INDEX(f,1,i),b,INDEX(f,1,i+1),c,INDEX(s,1,i),d,INDEX(s,1,i+1),ROUND(c+(p-a)/(b-a)*(d-c)))))),$G85+1)","=MAX(LET(p,Tuning!$C$16,f,Distributions!$B$1:$Q$1,s,INDEX(Distributions!$B$2:$Q$89,MATCH($A85,Distributions!$A$2:$A$89,0),0),IF(p<=INDEX(f,1,1),INDEX(s,1,1),IF(p>=INDEX(f,1,16),INDEX(s,1,16),LET(i,MATCH(p,f,1),a,INDEX(f,1,i),b,INDEX(f,1,i+1),c,INDEX(s,1,i),d,INDEX(s,1,i+1),ROUND(c+(p-a)/(b-a)*(d-c)))))),$H85+1)","=MAX(LET(p,Tuning!$C$17,f,Distributions!$B$1:$Q$1,s,INDEX(Distributions!$B$2:$Q$89,MATCH($A85,Distributions!$A$2:$A$89,0),0),IF(p<=INDEX(f,1,1),INDEX(s,1,1),IF(p>=INDEX(f,1,16),INDEX(s,1,16),LET(i,MATCH(p,f,1),a,INDEX(f,1,i),b,INDEX(f,1,i+1),c,INDEX(s,1,i),d,INDEX(s,1,i+1),ROUND(c+(p-a)/(b-a)*(d-c)))))),$I85+1)"
VT Penta Bounce Novice S5,Switching,beanTS,Novice,1-4,83184,"=LET(p,Tuning!$C$2,f,Distributions!$B$1:$Q$1,s,INDEX(Distributions!$B$2:$Q$89,MATCH($A86,Distributions!$A$2:$A$89,0),0),IF(p<=INDEX(f,1,1),INDEX(s,1,1),IF(p>=INDEX(f,1,16),INDEX(s,1,16),LET(i,MATCH(p,f,1),a,INDEX(f,1,i),b,INDEX(f,1,i+1),c,INDEX(s,1,i),d,INDEX(s,1,i+1),ROUND(c+(p-a)/(b-a)*(d-c))))))","=MAX(LET(p,Tuning!$C$3,f,Distributions!$B$1:$Q$1,s,INDEX(Distributions!$B$2:$Q$89,MATCH($A86,Distributions!$A$2:$A$89,0),0),IF(p<=INDEX(f,1,1),INDEX(s,1,1),IF(p>=INDEX(f,1,16),INDEX(s,1,16),LET(i,MATCH(p,f,1),a,INDEX(f,1,i),b,INDEX(f,1,i+1),c,INDEX(s,1,i),d,INDEX(s,1,i+1),ROUND(c+(p-a)/(b-a)*(d-c)))))),$G86+1)","=MAX(LET(p,Tuning!$C$4,f,Distributions!$B$1:$Q$1,s,INDEX(Distributions!$B$2:$Q$89,MATCH($A86,Distributions!$A$2:$A$89,0),0),IF(p<=INDEX(f,1,1),INDEX(s,1,1),IF(p>=INDEX(f,1,16),INDEX(s,1,16),LET(i,MATCH(p,f,1),a,INDEX(f,1,i),b,INDEX(f,1,i+1),c,INDEX(s,1,i),d,INDEX(s,1,i+1),ROUND(c+(p-a)/(b-a)*(d-c)))))),$H86+1)","=MAX(LET(p,Tuning!$C$5,f,Distributions!$B$1:$Q$1,s,INDEX(Distributions!$B$2:$Q$89,MATCH($A86,Distributions!$A$2:$A$89,0),0),IF(p<=INDEX(f,1,1),INDEX(s,1,1),IF(p>=INDEX(f,1,16),INDEX(s,1,16),LET(i,MATCH(p,f,1),a,INDEX(f,1,i),b,INDEX(f,1,i+1),c,INDEX(s,1,i),d,INDEX(s,1,i+1),ROUND(c+(p-a)/(b-a)*(d-c)))))),$I86+1)"
beanTS Larger,Switching,beanTS,Intermediate,5-8,71281,"=LET(p,Tuning!$C$6,f,Distributions!$B$1:$Q$1,s,INDEX(Distributions!$B$2:$Q$89,MATCH($A87,Distributions!$A$2:$A$89,0),0),IF(p<=INDEX(f,1,1),INDEX(s,1,1),IF(p>=INDEX(f,1,16),INDEX(s,1,16),LET(i,MATCH(p,f,1),a,INDEX(f,1,i),b,INDEX(f,1,i+1),c,INDEX(s,1,i),d,INDEX(s,1,i+1),ROUND(c+(p-a)/(b-a)*(d-c))))))","=MAX(LET(p,Tuning!$C$7,f,Distributions!$B$1:$Q$1,s,INDEX(Distributions!$B$2:$Q$89,MATCH($A87,Distributions!$A$2:$A$89,0),0),IF(p<=INDEX(f,1,1),INDEX(s,1,1),IF(p>=INDEX(f,1,16),INDEX(s,1,16),LET(i,MATCH(p,f,1),a,INDEX(f,1,i),b,INDEX(f,1,i+1),c,INDEX(s,1,i),d,INDEX(s,1,i+1),ROUND(c+(p-a)/(b-a)*(d-c)))))),$G87+1)","=MAX(LET(p,Tuning!$C$8,f,Distributions!$B$1:$Q$1,s,INDEX(Distributions!$B$2:$Q$89,MATCH($A87,Distributions!$A$2:$A$89,0),0),IF(p<=INDEX(f,1,1),INDEX(s,1,1),IF(p>=INDEX(f,1,16),INDEX(s,1,16),LET(i,MATCH(p,f,1),a,INDEX(f,1,i),b,INDEX(f,1,i+1),c,INDEX(s,1,i),d,INDEX(s,1,i+1),ROUND(c+(p-a)/(b-a)*(d-c)))))),$H87+1)","=MAX(LET(p,Tuning!$C$9,f,Distributions!$B$1:$Q$1,s,INDEX(Distributions!$B$2:$Q$89,MATCH($A87,Distributions!$A$2:$A$89,0),0),IF(p<=INDEX(f,1,1),INDEX(s,1,1),IF(p>=INDEX(f,1,16),INDEX(s,1,16),LET(i,MATCH(p,f,1),a,INDEX(f,1,i),b,INDEX(f,1,i+1),c,INDEX(s,1,i),d,INDEX(s,1,i+1),ROUND(c+(p-a)/(b-a)*(d-c)))))),$I87+1)"
beanTS,Switching,beanTS,Advanced,9-12,96570,"=LET(p,Tuning!$C$10,f,Distributions!$B$1:$Q$1,s,INDEX(Distributions!$B$2:$Q$89,MATCH($A88,Distributions!$A$2:$A$89,0),0),IF(p<=INDEX(f,1,1),INDEX(s,1,1),IF(p>=INDEX(f,1,16),INDEX(s,1,16),LET(i,MATCH(p,f,1),a,INDEX(f,1,i),b,INDEX(f,1,i+1),c,INDEX(s,1,i),d,INDEX(s,1,i+1),ROUND(c+(p-a)/(b-a)*(d-c))))))","=MAX(LET(p,Tuning!$C$11,f,Distributions!$B$1:$Q$1,s,INDEX(Distributions!$B$2:$Q$89,MATCH($A88,Distributions!$A$2:$A$89,0),0),IF(p<=INDEX(f,1,1),INDEX(s,1,1),IF(p>=INDEX(f,1,16),INDEX(s,1,16),LET(i,MATCH(p,f,1),a,INDEX(f,1,i),b,INDEX(f,1,i+1),c,INDEX(s,1,i),d,INDEX(s,1,i+1),ROUND(c+(p-a)/(b-a)*(d-c)))))),$G88+1)","=MAX(LET(p,Tuning!$C$12,f,Distributions!$B$1:$Q$1,s,INDEX(Distributions!$B$2:$Q$89,MATCH($A88,Distributions!$A$2:$A$89,0),0),IF(p<=INDEX(f,1,1),INDEX(s,1,1),IF(p>=INDEX(f,1,16),INDEX(s,1,16),LET(i,MATCH(p,f,1),a,INDEX(f,1,i),b,INDEX(f,1,i+1),c,INDEX(s,1,i),d,INDEX(s,1,i+1),ROUND(c+(p-a)/(b-a)*(d-c)))))),$H88+1)","=MAX(LET(p,Tuning!$C$13,f,Distributions!$B$1:$Q$1,s,INDEX(Distributions!$B$2:$Q$89,MATCH($A88,Distributions!$A$2:$A$89,0),0),IF(p<=INDEX(f,1,1),INDEX(s,1,1),IF(p>=INDEX(f,1,16),INDEX(s,1,16),LET(i,MATCH(p,f,1),a,INDEX(f,1,i),b,INDEX(f,1,i+1),c,INDEX(s,1,i),d,INDEX(s,1,i+1),ROUND(c+(p-a)/(b-a)*(d-c)))))),$I88+1)"
B180T Voltaic,Switching,beanTS,Expert,13-16,23380,"=LET(p,Tuning!$C$14,f,Distributions!$B$1:$Q$1,s,INDEX(Distributions!$B$2:$Q$89,MATCH($A89,Distributions!$A$2:$A$89,0),0),IF(p<=INDEX(f,1,1),INDEX(s,1,1),IF(p>=INDEX(f,1,16),INDEX(s,1,16),LET(i,MATCH(p,f,1),a,INDEX(f,1,i),b,INDEX(f,1,i+1),c,INDEX(s,1,i),d,INDEX(s,1,i+1),ROUND(c+(p-a)/(b-a)*(d-c))))))","=MAX(LET(p,Tuning!$C$15,f,Distributions!$B$1:$Q$1,s,INDEX(Distributions!$B$2:$Q$89,MATCH($A89,Distributions!$A$2:$A$89,0),0),IF(p<=INDEX(f,1,1),INDEX(s,1,1),IF(p>=INDEX(f,1,16),INDEX(s,1,16),LET(i,MATCH(p,f,1),a,INDEX(f,1,i),b,INDEX(f,1,i+1),c,INDEX(s,1,i),d,INDEX(s,1,i+1),ROUND(c+(p-a)/(b-a)*(d-c)))))),$G89+1)","=MAX(LET(p,Tuning!$C$16,f,Distributions!$B$1:$Q$1,s,INDEX(Distributions!$B$2:$Q$89,MATCH($A89,Distributions!$A$2:$A$89,0),0),IF(p<=INDEX(f,1,1),INDEX(s,1,1),IF(p>=INDEX(f,1,16),INDEX(s,1,16),LET(i,MATCH(p,f,1),a,INDEX(f,1,i),b,INDEX(f,1,i+1),c,INDEX(s,1,i),d,INDEX(s,1,i+1),ROUND(c+(p-a)/(b-a)*(d-c)))))),$H89+1)","=MAX(LET(p,Tuning!$C$17,f,Distributions!$B$1:$Q$1,s,INDEX(Distributions!$B$2:$Q$89,MATCH($A89,Distributions!$A$2:$A$89,0),0),IF(p<=INDEX(f,1,1),INDEX(s,1,1),IF(p>=INDEX(f,1,16),INDEX(s,1,16),LET(i,MATCH(p,f,1),a,INDEX(f,1,i),b,INDEX(f,1,i+1),c,INDEX(s,1,i),d,INDEX(s,1,i+1),ROUND(c+(p-a)/(b-a)*(d-c)))))),$I89+1)"
